timestamp,open,high,low,close,volume,count,vwap
2026-01-01T09:30:00.000,0.0,0.0,0.0,0.0,0,0,0.00
2026-01-01T10:30:00.000,0.0,0.0,0.0,0.0,0,0,0.00
2026-01-01T11:30:00.000,0.0,0.0,0.0,0.0,0,0,0.00
2026-01-01T12:30:00.000,0.0,0.0,0.0,0.0,0,0,0.00
2026-01-01T13:30:00.000,0.0,0.0,0.0,0.0,0,0,0.00
2026-01-01T14:30:00.000,0.0,0.0,0.0,0.0,0,0,0.00
2026-01-01T15:30:00.000,0.0,0.0,0.0,0.0,0,0,0.00
2026-01-02T09:30:00.000,10.48,10.97,9.54,10.53,0,0,0.00
2026-01-02T10:30:00.000,10.44,11.01,9.73,10.29,0,0,0.00
2026-01-02T11:30:00.000,10.32,10.75,9.75,9.97,0,0,0.00
2026-01-02T12:30:00.000,9.96,10.61,9.76,10.47,0,0,0.00
2026-01-02T13:30:00.000,10.44,10.95,9.71,9.87,0,0,0.00
2026-01-02T14:30:00.000,9.88,10.09,9.63,9.95,0,0,0.00
2026-01-02T15:30:00.000,9.96,10.40,9.85,9.88,0,0,0.00
2026-01-03T09:30:00.000,0.0,0.0,0.0,0.0,0,0,0.00
2026-01-03T10:30:00.000,0.0,0.0,0.0,0.0,0,0,0.00
2026-01-03T11:30:00.000,0.0,0.0,0.0,0.0,0,0,0.00
2026-01-03T12:30:00.000,0.0,0.0,0.0,0.0,0,0,0.00
2026-01-03T13:30:00.000,0.0,0.0,0.0,0.0,0,0,0.00
2026-01-03T14:30:00.000,0.0,0.0,0.0,0.0,0,0,0.00
2026-01-03T15:30:00.000,0.0,0.0,0.0,0.0,0,0,0.00
2026-01-04T09:30:00.000,0.0,0.0,0.0,0.0,0,0,0.00
2026-01-04T10:30:00.000,0.0,0.0,0.0,0.0,0,0,0.00
2026-01-04T11:30:00.000,0.0,0.0,0.0,0.0,0,0,0.00
2026-01-04T12:30:00.000,0.0,0.0,0.0,0.0,0,0,0.00
2026-01-04T13:30:00.000,0.0,0.0,0.0,0.0,0,0,0.00
2026-01-04T14:30:00.000,0.0,0.0,0.0,0.0,0,0,0.00
2026-01-04T15:30:00.000,0.0,0.0,0.0,0.0,0,0,0.00
2026-01-05T09:30:00.000,9.69,9.73,8.69,8.72,0,0,0.00
2026-01-05T10:30:00.000,8.74,9.21,8.70,9.07,0,0,0.00
2026-01-05T11:30:00.000,9.06,9.08,8.57,8.77,0,0,0.00
2026-01-05T12:30:00.000,8.81,9.01,8.69,8.84,0,0,0.00
2026-01-05T13:30:00.000,8.83,8.87,8.62,8.73,0,0,0.00
2026-01-05T14:30:00.000,8.72,9.11,8.72,8.99,0,0,0.00
2026-01-05T15:30:00.000,8.98,9.00,8.73,8.75,0,0,0.00
2026-01-06T09:30:00.000,8.74,8.81,8.09,8.39,0,0,0.00
2026-01-06T10:30:00.000,8.40,8.85,8.40,8.64,0,0,0.00
2026-01-06T11:30:00.000,8.62,8.82,8.32,8.37,0,0,0.00
2026-01-06T12:30:00.000,8.40,8.46,8.28,8.29,0,0,0.00
2026-01-06T13:30:00.000,8.31,8.43,8.22,8.40,0,0,0.00
2026-01-06T14:30:00.000,8.39,8.43,8.19,8.25,0,0,0.00
2026-01-06T15:30:00.000,8.24,8.39,8.15,8.34,0,0,0.00
2026-01-07T09:30:00.000,8.67,8.95,8.34,8.65,0,0,0.00
2026-01-07T10:30:00.000,8.64,8.76,8.30,8.61,0,0,0.00
2026-01-07T11:30:00.000,8.53,8.58,8.23,8.36,0,0,0.00
2026-01-07T12:30:00.000,8.35,8.57,8.26,8.54,0,0,0.00
2026-01-07T13:30:00.000,8.56,8.58,8.15,8.53,0,0,0.00
2026-01-07T14:30:00.000,8.50,9.17,8.42,9.10,0,0,0.00
2026-01-07T15:30:00.000,9.09,9.34,8.83,9.01,0,0,0.00
2026-01-08T09:30:00.000,9.21,9.39,8.21,8.29,0,0,0.00
2026-01-08T10:30:00.000,8.32,8.58,8.16,8.43,0,0,0.00
2026-01-08T11:30:00.000,8.46,8.64,8.25,8.41,0,0,0.00
2026-01-08T12:30:00.000,8.40,8.84,8.10,8.66,0,0,0.00
2026-01-08T13:30:00.000,8.65,8.93,8.57,8.80,0,0,0.00
2026-01-08T14:30:00.000,8.79,8.93,8.40,8.43,0,0,0.00
2026-01-08T15:30:00.000,8.42,8.55,8.25,8.40,0,0,0.00
2026-01-09T09:30:00.000,8.19,8.59,7.34,7.37,0,0,0.00
2026-01-09T10:30:00.000,7.40,7.99,7.30,7.46,0,0,0.00
2026-01-09T11:30:00.000,7.48,7.48,7.15,7.25,0,0,0.00
2026-01-09T12:30:00.000,7.26,7.29,7.08,7.08,0,0,0.00
2026-01-09T13:30:00.000,7.09,7.24,6.98,7.18,0,0,0.00
2026-01-09T14:30:00.000,7.17,7.19,6.98,7.02,0,0,0.00
2026-01-09T15:30:00.000,7.04,7.04,6.75,6.79,0,0,0.00
2026-01-10T09:30:00.000,0.0,0.0,0.0,0.0,0,0,0.00
2026-01-10T10:30:00.000,0.0,0.0,0.0,0.0,0,0,0.00
2026-01-10T11:30:00.000,0.0,0.0,0.0,0.0,0,0,0.00
2026-01-10T12:30:00.000,0.0,0.0,0.0,0.0,0,0,0.00
2026-01-10T13:30:00.000,0.0,0.0,0.0,0.0,0,0,0.00
2026-01-10T14:30:00.000,0.0,0.0,0.0,0.0,0,0,0.00
2026-01-10T15:30:00.000,0.0,0.0,0.0,0.0,0,0,0.00
2026-01-11T09:30:00.000,0.0,0.0,0.0,0.0,0,0,0.00
2026-01-11T10:30:00.000,0.0,0.0,0.0,0.0,0,0,0.00
2026-01-11T11:30:00.000,0.0,0.0,0.0,0.0,0,0,0.00
2026-01-11T12:30:00.000,0.0,0.0,0.0,0.0,0,0,0.00
2026-01-11T13:30:00.000,0.0,0.0,0.0,0.0,0,0,0.00
2026-01-11T14:30:00.000,0.0,0.0,0.0,0.0,0,0,0.00
2026-01-11T15:30:00.000,0.0,0.0,0.0,0.0,0,0,0.00
2026-01-12T09:30:00.000,9.59,9.59,7.68,7.75,0,0,0.00
2026-01-12T10:30:00.000,7.74,7.89,7.52,7.66,0,0,0.00
2026-01-12T11:30:00.000,7.64,7.66,7.41,7.49,0,0,0.00
2026-01-12T12:30:00.000,7.50,7.59,7.42,7.45,0,0,0.00
2026-01-12T13:30:00.000,7.46,7.55,7.44,7.50,0,0,0.00
2026-01-12T14:30:00.000,7.51,7.70,7.49,7.62,0,0,0.00
2026-01-12T15:30:00.000,7.65,7.75,7.61,7.66,0,0,0.00
2026-01-13T09:30:00.000,7.66,8.81,7.66,8.70,0,0,0.00
2026-01-13T10:30:00.000,8.67,8.67,7.94,8.24,0,0,0.00
2026-01-13T11:30:00.000,8.23,8.29,7.55,7.96,0,0,0.00
2026-01-13T12:30:00.000,7.94,8.76,7.87,8.57,0,0,0.00
2026-01-13T13:30:00.000,8.62,9.12,8.36,8.67,0,0,0.00
2026-01-13T14:30:00.000,8.63,9.15,8.42,9.13,0,0,0.00
2026-01-13T15:30:00.000,9.12,9.47,8.57,8.79,0,0,0.00
2026-01-14T09:30:00.000,10.12,11.72,9.68,11.12,0,0,0.00
2026-01-14T10:30:00.000,11.14,12.10,10.36,10.43,0,0,0.00
2026-01-14T11:30:00.000,10.46,11.69,10.33,10.79,0,0,0.00
2026-01-14T12:30:00.000,10.78,11.32,10.72,10.83,0,0,0.00
2026-01-14T13:30:00.000,10.76,11.29,10.55,10.59,0,0,0.00
2026-01-14T14:30:00.000,10.62,10.75,9.54,9.88,0,0,0.00
2026-01-14T15:30:00.000,9.87,10.07,9.34,9.75,0,0,0.00
2026-01-15T09:30:00.000,8.09,8.36,7.86,8.17,0,0,0.00
2026-01-15T10:30:00.000,8.15,8.41,7.72,7.79,0,0,0.00
2026-01-15T11:30:00.000,7.75,7.94,7.63,7.85,0,0,0.00
2026-01-15T12:30:00.000,7.81,7.89,7.53,7.61,0,0,0.00
2026-01-15T13:30:00.000,7.59,7.78,7.39,7.75,0,0,0.00
2026-01-15T14:30:00.000,7.70,8.51,7.57,8.33,0,0,0.00
2026-01-15T15:30:00.000,8.29,8.44,8.11,8.37,0,0,0.00
2026-01-16T09:30:00.000,7.72,8.39,7.59,8.39,0,0,0.00
2026-01-16T10:30:00.000,8.38,9.00,7.94,8.02,0,0,0.00
2026-01-16T11:30:00.000,8.04,8.35,7.93,8.26,0,0,0.00
2026-01-16T12:30:00.000,8.21,8.43,7.93,8.03,0,0,0.00
2026-01-16T13:30:00.000,8.00,8.40,7.78,8.28,0,0,0.00
2026-01-16T14:30:00.000,8.29,8.33,7.93,8.33,0,0,0.00
2026-01-16T15:30:00.000,8.36,8.71,8.27,8.58,0,0,0.00
2026-01-17T09:30:00.000,0.0,0.0,0.0,0.0,0,0,0.00
2026-01-17T10:30:00.000,0.0,0.0,0.0,0.0,0,0,0.00
2026-01-17T11:30:00.000,0.0,0.0,0.0,0.0,0,0,0.00
2026-01-17T12:30:00.000,0.0,0.0,0.0,0.0,0,0,0.00
2026-01-17T13:30:00.000,0.0,0.0,0.0,0.0,0,0,0.00
2026-01-17T14:30:00.000,0.0,0.0,0.0,0.0,0,0,0.00
2026-01-17T15:30:00.000,0.0,0.0,0.0,0.0,0,0,0.00
2026-01-18T09:30:00.000,0.0,0.0,0.0,0.0,0,0,0.00
2026-01-18T10:30:00.000,0.0,0.0,0.0,0.0,0,0,0.00
2026-01-18T11:30:00.000,0.0,0.0,0.0,0.0,0,0,0.00
2026-01-18T12:30:00.000,0.0,0.0,0.0,0.0,0,0,0.00
2026-01-18T13:30:00.000,0.0,0.0,0.0,0.0,0,0,0.00
2026-01-18T14:30:00.000,0.0,0.0,0.0,0.0,0,0,0.00
2026-01-18T15:30:00.000,0.0,0.0,0.0,0.0,0,0,0.00
2026-01-19T09:30:00.000,0.0,0.0,0.0,0.0,0,0,0.00
2026-01-19T10:30:00.000,0.0,0.0,0.0,0.0,0,0,0.00
2026-01-19T11:30:00.000,0.0,0.0,0.0,0.0,0,0,0.00
2026-01-19T12:30:00.000,0.0,0.0,0.0,0.0,0,0,0.00
2026-01-19T13:30:00.000,0.0,0.0,0.0,0.0,0,0,0.00
2026-01-19T14:30:00.000,0.0,0.0,0.0,0.0,0,0,0.00
2026-01-19T15:30:00.000,0.0,0.0,0.0,0.0,0,0,0.00
2026-01-20T09:30:00.000,17.02,17.02,12.31,12.39,0,0,0.00
2026-01-20T10:30:00.000,12.36,13.04,11.97,12.48,0,0,0.00
2026-01-20T11:30:00.000,12.51,13.05,12.04,13.02,0,0,0.00
2026-01-20T12:30:00.000,13.00,14.08,13.00,14.06,0,0,0.00
2026-01-20T13:30:00.000,14.07,15.66,14.03,15.39,0,0,0.00
2026-01-20T14:30:00.000,15.38,15.78,14.88,14.97,0,0,0.00
2026-01-20T15:30:00.000,14.88,15.44,14.13,14.13,0,0,0.00
2026-01-21T09:30:00.000,13.13,13.76,11.75,11.80,0,0,0.00
2026-01-21T10:30:00.000,11.77,11.77,10.76,11.07,0,0,0.00
2026-01-21T11:30:00.000,11.14,14.01,11.13,13.09,0,0,0.00
2026-01-21T12:30:00.000,13.01,13.96,12.44,12.49,0,0,0.00
2026-01-21T13:30:00.000,12.52,12.79,10.29,10.34,0,0,0.00
2026-01-21T14:30:00.000,10.22,10.53,9.51,10.44,0,0,0.00
2026-01-21T15:30:00.000,10.42,10.75,9.95,10.33,0,0,0.00
2026-01-22T09:30:00.000,8.77,9.79,8.41,9.16,0,0,0.00
2026-01-22T10:30:00.000,9.25,9.29,8.56,8.66,0,0,0.00
2026-01-22T11:30:00.000,8.64,8.75,8.33,8.39,0,0,0.00
2026-01-22T12:30:00.000,8.36,8.36,7.84,8.06,0,0,0.00
2026-01-22T13:30:00.000,8.08,8.30,7.87,8.05,0,0,0.00
2026-01-22T14:30:00.000,8.06,8.72,8.02,8.68,0,0,0.00
2026-01-22T15:30:00.000,8.82,8.91,8.29,8.56,0,0,0.00
2026-01-23T09:30:00.000,8.34,8.89,7.90,8.04,0,0,0.00
2026-01-23T10:30:00.000,8.06,8.06,7.19,7.38,0,0,0.00
2026-01-23T11:30:00.000,7.39,7.60,7.17,7.29,0,0,0.00
2026-01-23T12:30:00.000,7.31,8.17,7.31,7.59,0,0,0.00
2026-01-23T13:30:00.000,7.61,7.87,7.44,7.63,0,0,0.00
2026-01-23T14:30:00.000,7.62,8.15,7.57,8.06,0,0,0.00
2026-01-23T15:30:00.000,8.14,8.37,7.63,8.33,0,0,0.00
2026-01-24T09:30:00.000,0.0,0.0,0.0,0.0,0,0,0.00
2026-01-24T10:30:00.000,0.0,0.0,0.0,0.0,0,0,0.00
2026-01-24T11:30:00.000,0.0,0.0,0.0,0.0,0,0,0.00
2026-01-24T12:30:00.000,0.0,0.0,0.0,0.0,0,0,0.00
2026-01-24T13:30:00.000,0.0,0.0,0.0,0.0,0,0,0.00
2026-01-24T14:30:00.000,0.0,0.0,0.0,0.0,0,0,0.00
2026-01-24T15:30:00.000,0.0,0.0,0.0,0.0,0,0,0.00
2026-01-25T09:30:00.000,0.0,0.0,0.0,0.0,0,0,0.00
2026-01-25T10:30:00.000,0.0,0.0,0.0,0.0,0,0,0.00
2026-01-25T11:30:00.000,0.0,0.0,0.0,0.0,0,0,0.00
2026-01-25T12:30:00.000,0.0,0.0,0.0,0.0,0,0,0.00
2026-01-25T13:30:00.000,0.0,0.0,0.0,0.0,0,0,0.00
2026-01-25T14:30:00.000,0.0,0.0,0.0,0.0,0,0,0.00
2026-01-25T15:30:00.000,0.0,0.0,0.0,0.0,0,0,0.00
2026-01-26T09:30:00.000,8.88,8.88,7.32,7.45,0,0,0.00
2026-01-26T10:30:00.000,7.52,7.60,7.31,7.35,0,0,0.00
2026-01-26T11:30:00.000,7.33,7.33,6.97,7.09,0,0,0.00
2026-01-26T12:30:00.000,7.08,7.35,7.08,7.15,0,0,0.00
2026-01-26T13:30:00.000,7.14,7.27,7.08,7.11,0,0,0.00
2026-01-26T14:30:00.000,7.12,7.31,7.11,7.24,0,0,0.00
2026-01-26T15:30:00.000,7.26,7.67,7.20,7.56,0,0,0.00
2026-01-27T09:30:00.000,7.77,7.81,7.22,7.43,0,0,0.00
2026-01-27T10:30:00.000,7.45,7.45,6.88,7.07,0,0,0.00
2026-01-27T11:30:00.000,7.05,7.59,7.03,7.52,0,0,0.00
2026-01-27T12:30:00.000,7.53,7.82,7.44,7.44,0,0,0.00
2026-01-27T13:30:00.000,7.45,7.51,7.29,7.39,0,0,0.00
2026-01-27T14:30:00.000,7.37,7.42,7.25,7.36,0,0,0.00
2026-01-27T15:30:00.000,7.40,7.77,7.40,7.73,0,0,0.00
2026-01-28T09:30:00.000,7.58,8.09,7.49,7.96,0,0,0.00
2026-01-28T10:30:00.000,7.97,8.29,7.83,8.07,0,0,0.00
2026-01-28T11:30:00.000,8.04,8.58,8.04,8.33,0,0,0.00
2026-01-28T12:30:00.000,8.32,8.43,7.82,7.93,0,0,0.00
2026-01-28T13:30:00.000,7.95,8.32,7.62,7.81,0,0,0.00
2026-01-28T14:30:00.000,7.95,7.95,7.02,7.35,0,0,0.00
2026-01-28T15:30:00.000,7.41,8.56,7.34,7.34,0,0,0.00
2026-01-29T09:30:00.000,8.88,11.63,8.65,11.34,0,0,0.00
2026-01-29T10:30:00.000,11.27,13.21,10.88,11.20,0,0,0.00
2026-01-29T11:30:00.000,11.27,11.27,9.70,9.73,0,0,0.00
2026-01-29T12:30:00.000,9.74,10.91,9.33,9.79,0,0,0.00
2026-01-29T13:30:00.000,9.80,10.10,9.20,9.24,0,0,0.00
2026-01-29T14:30:00.000,9.23,9.61,9.06,9.22,0,0,0.00
2026-01-29T15:30:00.000,9.18,9.33,8.39,8.63,0,0,0.00
2026-01-30T09:30:00.000,10.39,10.39,9.34,10.16,0,0,0.00
2026-01-30T10:30:00.000,10.15,10.62,8.89,10.26,0,0,0.00
2026-01-30T11:30:00.000,10.27,11.93,9.86,10.68,0,0,0.00
2026-01-30T12:30:00.000,10.71,12.52,10.49,11.37,0,0,0.00
2026-01-30T13:30:00.000,11.32,12.47,10.09,10.60,0,0,0.00
2026-01-30T14:30:00.000,10.93,11.83,10.62,11.55,0,0,0.00
2026-01-30T15:30:00.000,11.62,11.62,10.33,10.79,0,0,0.00
2026-01-31T09:30:00.000,0.0,0.0,0.0,0.0,0,0,0.00
2026-01-31T10:30:00.000,0.0,0.0,0.0,0.0,0,0,0.00
2026-01-31T11:30:00.000,0.0,0.0,0.0,0.0,0,0,0.00
2026-01-31T12:30:00.000,0.0,0.0,0.0,0.0,0,0,0.00
2026-01-31T13:30:00.000,0.0,0.0,0.0,0.0,0,0,0.00
2026-01-31T14:30:00.000,0.0,0.0,0.0,0.0,0,0,0.00
2026-01-31T15:30:00.000,0.0,0.0,0.0,0.0,0,0,0.00
2026-02-01T09:30:00.000,0.0,0.0,0.0,0.0,0,0,0.00
2026-02-01T10:30:00.000,0.0,0.0,0.0,0.0,0,0,0.00
2026-02-01T11:30:00.000,0.0,0.0,0.0,0.0,0,0,0.00
2026-02-01T12:30:00.000,0.0,0.0,0.0,0.0,0,0,0.00
2026-02-01T13:30:00.000,0.0,0.0,0.0,0.0,0,0,0.00
2026-02-01T14:30:00.000,0.0,0.0,0.0,0.0,0,0,0.00
2026-02-01T15:30:00.000,0.0,0.0,0.0,0.0,0,0,0.00
2026-02-02T09:30:00.000,12.12,12.12,9.31,9.66,0,0,0.00
2026-02-02T10:30:00.000,9.70,9.82,8.90,8.90,0,0,0.00
2026-02-02T11:30:00.000,8.92,9.12,8.25,8.49,0,0,0.00
2026-02-02T12:30:00.000,8.51,8.82,8.39,8.66,0,0,0.00
2026-02-02T13:30:00.000,8.60,8.63,8.24,8.36,0,0,0.00
2026-02-02T14:30:00.000,8.37,8.94,8.27,8.69,0,0,0.00
2026-02-02T15:30:00.000,8.78,9.18,8.72,8.77,0,0,0.00
2026-02-03T09:30:00.000,8.92,10.43,8.65,9.94,0,0,0.00
2026-02-03T10:30:00.000,9.91,10.66,9.34,10.61,0,0,0.00
2026-02-03T11:30:00.000,10.68,12.06,10.35,11.67,0,0,0.00
2026-02-03T12:30:00.000,11.75,13.41,11.75,13.32,0,0,0.00
2026-02-03T13:30:00.000,13.34,14.95,12.79,13.38,0,0,0.00
2026-02-03T14:30:00.000,13.62,13.83,11.74,11.80,0,0,0.00
2026-02-03T15:30:00.000,11.87,11.87,10.60,10.81,0,0,0.00
2026-02-04T09:30:00.000,11.21,13.06,10.92,11.38,0,0,0.00
2026-02-04T10:30:00.000,11.33,13.06,11.21,12.08,0,0,0.00
2026-02-04T11:30:00.000,12.11,14.61,12.08,14.61,0,0,0.00
2026-02-04T12:30:00.000,14.66,15.78,14.09,14.19,0,0,0.00
2026-02-04T13:30:00.000,14.23,15.36,13.23,13.23,0,0,0.00
2026-02-04T14:30:00.000,13.26,13.26,11.75,12.19,0,0,0.00
2026-02-04T15:30:00.000,12.38,13.67,11.88,11.88,0,0,0.00
2026-02-05T09:30:00.000,17.36,19.07,15.07,19.07,0,0,0.00
2026-02-05T10:30:00.000,19.09,19.24,16.58,16.62,0,0,0.00
2026-02-05T11:30:00.000,16.65,16.66,14.98,15.10,0,0,0.00
2026-02-05T12:30:00.000,15.20,16.79,14.78,16.65,0,0,0.00
2026-02-05T13:30:00.000,16.61,16.86,14.55,15.00,0,0,0.00
2026-02-05T14:30:00.000,14.98,16.65,14.74,16.59,0,0,0.00
2026-02-05T15:30:00.000,16.61,18.29,16.42,17.37,0,0,0.00
2026-02-06T09:30:00.000,15.08,15.47,14.01,14.47,0,0,0.00
2026-02-06T10:30:00.000,14.41,14.86,13.37,13.62,0,0,0.00
2026-02-06T11:30:00.000,13.55,13.55,12.62,12.80,0,0,0.00
2026-02-06T12:30:00.000,12.77,13.01,12.29,12.45,0,0,0.00
2026-02-06T13:30:00.000,12.44,12.72,12.28,12.50,0,0,0.00
2026-02-06T14:30:00.000,12.42,12.73,11.81,11.91,0,0,0.00
2026-02-06T15:30:00.000,11.92,12.06,10.96,11.86,0,0,0.00
2026-02-07T09:30:00.000,0.0,0.0,0.0,0.0,0,0,0.00
2026-02-07T10:30:00.000,0.0,0.0,0.0,0.0,0,0,0.00
2026-02-07T11:30:00.000,0.0,0.0,0.0,0.0,0,0,0.00
2026-02-07T12:30:00.000,0.0,0.0,0.0,0.0,0,0,0.00
2026-02-07T13:30:00.000,0.0,0.0,0.0,0.0,0,0,0.00
2026-02-07T14:30:00.000,0.0,0.0,0.0,0.0,0,0,0.00
2026-02-07T15:30:00.000,0.0,0.0,0.0,0.0,0,0,0.00
2026-02-08T09:30:00.000,0.0,0.0,0.0,0.0,0,0,0.00
2026-02-08T10:30:00.000,0.0,0.0,0.0,0.0,0,0,0.00
2026-02-08T11:30:00.000,0.0,0.0,0.0,0.0,0,0,0.00
2026-02-08T12:30:00.000,0.0,0.0,0.0,0.0,0,0,0.00
2026-02-08T13:30:00.000,0.0,0.0,0.0,0.0,0,0,0.00
2026-02-08T14:30:00.000,0.0,0.0,0.0,0.0,0,0,0.00
2026-02-08T15:30:00.000,0.0,0.0,0.0,0.0,0,0,0.00
2026-02-09T09:30:00.000,15.60,15.60,10.81,11.10,0,0,0.00
2026-02-09T10:30:00.000,11.15,11.20,10.56,10.89,0,0,0.00
2026-02-09T11:30:00.000,10.90,11.05,10.39,10.65,0,0,0.00
2026-02-09T12:30:00.000,10.64,11.37,10.58,11.08,0,0,0.00
2026-02-09T13:30:00.000,11.12,11.14,10.28,10.39,0,0,0.00
2026-02-09T14:30:00.000,10.37,11.17,10.30,11.08,0,0,0.00
2026-02-09T15:30:00.000,11.10,11.46,10.83,11.12,0,0,0.00
2026-02-10T09:30:00.000,10.96,11.75,10.64,11.06,0,0,0.00
2026-02-10T10:30:00.000,11.09,11.84,10.87,11.52,0,0,0.00
2026-02-10T11:30:00.000,11.59,11.76,11.17,11.30,0,0,0.00
2026-02-10T12:30:00.000,11.31,12.19,11.08,12.19,0,0,0.00
2026-02-10T13:30:00.000,12.15,12.43,11.77,11.86,0,0,0.00
2026-02-10T14:30:00.000,11.87,12.06,11.56,11.90,0,0,0.00
2026-02-10T15:30:00.000,11.95,12.92,11.87,12.56,0,0,0.00
2026-02-11T09:30:00.000,10.61,14.22,10.53,13.67,0,0,0.00
2026-02-11T10:30:00.000,13.64,13.90,11.20,11.93,0,0,0.00
2026-02-11T11:30:00.000,12.07,12.30,11.14,11.19,0,0,0.00
2026-02-11T12:30:00.000,11.21,12.37,11.04,11.73,0,0,0.00
2026-02-11T13:30:00.000,11.74,11.91,10.95,11.07,0,0,0.00
2026-02-11T14:30:00.000,11.05,11.69,11.01,11.63,0,0,0.00
2026-02-11T15:30:00.000,11.74,12.39,11.52,11.89,0,0,0.00
2026-02-12T09:30:00.000,10.70,11.51,10.03,11.12,0,0,0.00
2026-02-12T10:30:00.000,11.01,16.13,10.86,16.13,0,0,0.00
2026-02-12T11:30:00.000,16.08,16.26,14.15,15.19,0,0,0.00
2026-02-12T12:30:00.000,15.29,15.92,14.04,15.71,0,0,0.00
2026-02-12T13:30:00.000,15.47,15.59,13.90,14.60,0,0,0.00
2026-02-12T14:30:00.000,14.54,14.82,13.67,14.82,0,0,0.00
2026-02-12T15:30:00.000,14.80,16.58,14.78,15.84,0,0,0.00
2026-02-13T09:30:00.000,15.63,18.58,15.25,15.69,0,0,0.00
2026-02-13T10:30:00.000,15.71,16.84,14.62,15.03,0,0,0.00
2026-02-13T11:30:00.000,15.02,15.12,14.00,14.43,0,0,0.00
2026-02-13T12:30:00.000,14.49,15.00,13.64,13.83,0,0,0.00
2026-02-13T13:30:00.000,13.21,14.86,13.21,14.79,0,0,0.00
2026-02-13T14:30:00.000,14.94,17.42,14.67,17.41,0,0,0.00
2026-02-13T15:30:00.000,17.34,17.49,15.74,16.08,0,0,0.00
2026-02-14T09:30:00.000,0.0,0.0,0.0,0.0,0,0,0.00
2026-02-14T10:30:00.000,0.0,0.0,0.0,0.0,0,0,0.00
2026-02-14T11:30:00.000,0.0,0.0,0.0,0.0,0,0,0.00
2026-02-14T12:30:00.000,0.0,0.0,0.0,0.0,0,0,0.00
2026-02-14T13:30:00.000,0.0,0.0,0.0,0.0,0,0,0.00
2026-02-14T14:30:00.000,0.0,0.0,0.0,0.0,0,0,0.00
2026-02-14T15:30:00.000,0.0,0.0,0.0,0.0,0,0,0.00
2026-02-15T09:30:00.000,0.0,0.0,0.0,0.0,0,0,0.00
2026-02-15T10:30:00.000,0.0,0.0,0.0,0.0,0,0,0.00
2026-02-15T11:30:00.000,0.0,0.0,0.0,0.0,0,0,0.00
2026-02-15T12:30:00.000,0.0,0.0,0.0,0.0,0,0,0.00
2026-02-15T13:30:00.000,0.0,0.0,0.0,0.0,0,0,0.00
2026-02-15T14:30:00.000,0.0,0.0,0.0,0.0,0,0,0.00
2026-02-15T15:30:00.000,0.0,0.0,0.0,0.0,0,0,0.00
2026-02-16T09:30:00.000,0.0,0.0,0.0,0.0,0,0,0.00
2026-02-16T10:30:00.000,0.0,0.0,0.0,0.0,0,0,0.00
2026-02-16T11:30:00.000,0.0,0.0,0.0,0.0,0,0,0.00
2026-02-16T12:30:00.000,0.0,0.0,0.0,0.0,0,0,0.00
2026-02-16T13:30:00.000,0.0,0.0,0.0,0.0,0,0,0.00
2026-02-16T14:30:00.000,0.0,0.0,0.0,0.0,0,0,0.00
2026-02-16T15:30:00.000,0.0,0.0,0.0,0.0,0,0,0.00
2026-02-17T09:30:00.000,18.98,19.63,16.22,19.52,0,0,0.00
2026-02-17T10:30:00.000,19.53,20.16,16.20,16.91,0,0,0.00
2026-02-17T11:30:00.000,16.96,17.44,15.98,16.47,0,0,0.00
2026-02-17T12:30:00.000,16.37,17.81,16.09,16.19,0,0,0.00
2026-02-17T13:30:00.000,16.14,16.24,15.46,15.69,0,0,0.00
2026-02-17T14:30:00.000,15.77,16.28,15.16,16.12,0,0,0.00
2026-02-17T15:30:00.000,16.09,16.63,15.93,16.23,0,0,0.00
2026-02-18T09:30:00.000,16.05,16.18,14.22,14.58,0,0,0.00
2026-02-18T10:30:00.000,14.63,14.90,13.66,14.30,0,0,0.00
2026-02-18T11:30:00.000,14.34,14.93,14.02,14.35,0,0,0.00
2026-02-18T12:30:00.000,14.30,14.66,13.82,14.58,0,0,0.00
2026-02-18T13:30:00.000,14.48,15.56,14.43,15.39,0,0,0.00
2026-02-18T14:30:00.000,15.37,16.67,15.30,16.09,0,0,0.00
2026-02-18T15:30:00.000,16.10,16.16,14.73,15.32,0,0,0.00
2026-02-19T09:30:00.000,16.80,18.07,16.15,17.38,0,0,0.00
2026-02-19T10:30:00.000,17.36,17.52,15.87,16.86,0,0,0.00
2026-02-19T11:30:00.000,16.87,17.63,16.12,16.83,0,0,0.00
2026-02-19T12:30:00.000,16.87,18.05,16.53,17.68,0,0,0.00
2026-02-19T13:30:00.000,17.69,17.97,16.57,17.32,0,0,0.00
2026-02-19T14:30:00.000,17.25,18.06,16.86,17.33,0,0,0.00
2026-02-19T15:30:00.000,17.35,17.49,16.43,16.48,0,0,0.00
2026-02-20T09:30:00.000,18.38,18.38,14.61,15.48,0,0,0.00
2026-02-20T10:30:00.000,15.59,16.55,14.09,15.68,0,0,0.00
2026-02-20T11:30:00.000,15.83,17.33,14.13,16.85,0,0,0.00
2026-02-20T12:30:00.000,16.74,17.11,15.32,15.99,0,0,0.00
2026-02-20T13:30:00.000,15.73,16.13,13.70,14.69,0,0,0.00
2026-02-20T14:30:00.000,14.59,15.01,14.32,14.87,0,0,0.00
2026-02-20T15:30:00.000,14.76,14.77,13.93,13.94,0,0,0.00
2026-02-21T09:30:00.000,0.0,0.0,0.0,0.0,0,0,0.00
2026-02-21T10:30:00.000,0.0,0.0,0.0,0.0,0,0,0.00
2026-02-21T11:30:00.000,0.0,0.0,0.0,0.0,0,0,0.00
2026-02-21T12:30:00.000,0.0,0.0,0.0,0.0,0,0,0.00
2026-02-21T13:30:00.000,0.0,0.0,0.0,0.0,0,0,0.00
2026-02-21T14:30:00.000,0.0,0.0,0.0,0.0,0,0,0.00
2026-02-21T15:30:00.000,0.0,0.0,0.0,0.0,0,0,0.00
2026-02-22T09:30:00.000,0.0,0.0,0.0,0.0,0,0,0.00
2026-02-22T10:30:00.000,0.0,0.0,0.0,0.0,0,0,0.00
2026-02-22T11:30:00.000,0.0,0.0,0.0,0.0,0,0,0.00
2026-02-22T12:30:00.000,0.0,0.0,0.0,0.0,0,0,0.00
2026-02-22T13:30:00.000,0.0,0.0,0.0,0.0,0,0,0.00
2026-02-22T14:30:00.000,0.0,0.0,0.0,0.0,0,0,0.00
2026-02-22T15:30:00.000,0.0,0.0,0.0,0.0,0,0,0.00
2026-02-23T09:30:00.000,16.44,17.01,14.28,16.91,0,0,0.00
2026-02-23T10:30:00.000,16.93,19.36,16.65,17.55,0,0,0.00
2026-02-23T11:30:00.000,17.49,18.31,17.47,18.28,0,0,0.00
2026-02-23T12:30:00.000,18.30,19.06,16.95,17.01,0,0,0.00
2026-02-23T13:30:00.000,17.00,18.27,16.97,18.27,0,0,0.00
2026-02-23T14:30:00.000,18.36,18.54,17.90,17.96,0,0,0.00
2026-02-23T15:30:00.000,17.88,18.58,17.14,17.15,0,0,0.00
2026-02-24T09:30:00.000,18.33,18.98,15.19,15.19,0,0,0.00
2026-02-24T10:30:00.000,15.13,15.98,14.75,15.08,0,0,0.00
2026-02-24T11:30:00.000,15.09,15.59,14.34,14.47,0,0,0.00
2026-02-24T12:30:00.000,14.45,14.70,14.00,14.62,0,0,0.00
2026-02-24T13:30:00.000,14.55,14.63,13.89,14.18,0,0,0.00
2026-02-24T14:30:00.000,14.12,14.51,13.85,14.42,0,0,0.00
2026-02-24T15:30:00.000,14.46,14.68,13.72,14.48,0,0,0.00
2026-02-25T09:30:00.000,12.22,13.13,12.22,12.55,0,0,0.00
2026-02-25T10:30:00.000,12.51,12.94,12.14,12.19,0,0,0.00
2026-02-25T11:30:00.000,12.15,12.23,11.91,12.09,0,0,0.00
2026-02-25T12:30:00.000,12.08,12.13,11.88,11.96,0,0,0.00
2026-02-25T13:30:00.000,11.93,11.94,11.37,11.44,0,0,0.00
2026-02-25T14:30:00.000,11.45,11.45,11.10,11.36,0,0,0.00
2026-02-25T15:30:00.000,11.31,11.36,10.65,10.73,0,0,0.00
2026-02-26T09:30:00.000,11.45,16.72,11.31,16.09,0,0,0.00
2026-02-26T10:30:00.000,15.97,16.62,14.27,14.32,0,0,0.00
2026-02-26T11:30:00.000,14.41,16.03,14.32,15.75,0,0,0.00
2026-02-26T12:30:00.000,15.73,16.60,15.17,15.90,0,0,0.00
2026-02-26T13:30:00.000,15.92,16.07,13.98,14.47,0,0,0.00
2026-02-26T14:30:00.000,14.42,14.45,13.49,13.92,0,0,0.00
2026-02-26T15:30:00.000,13.82,13.95,13.25,13.77,0,0,0.00
2026-02-27T09:30:00.000,18.46,18.83,16.45,17.03,0,0,0.00
2026-02-27T10:30:00.000,17.00,17.47,15.81,16.32,0,0,0.00
2026-02-27T11:30:00.000,16.33,18.03,15.77,17.46,0,0,0.00
2026-02-27T12:30:00.000,17.49,18.15,16.99,17.65,0,0,0.00
2026-02-27T13:30:00.000,17.63,18.07,16.84,17.74,0,0,0.00
2026-02-27T14:30:00.000,17.73,17.93,14.96,15.17,0,0,0.00
2026-02-27T15:30:00.000,15.19,16.23,14.80,15.01,0,0,0.00
2026-02-28T09:30:00.000,0.0,0.0,0.0,0.0,0,0,0.00
2026-02-28T10:30:00.000,0.0,0.0,0.0,0.0,0,0,0.00
2026-02-28T11:30:00.000,0.0,0.0,0.0,0.0,0,0,0.00
2026-02-28T12:30:00.000,0.0,0.0,0.0,0.0,0,0,0.00
2026-02-28T13:30:00.000,0.0,0.0,0.0,0.0,0,0,0.00
2026-02-28T14:30:00.000,0.0,0.0,0.0,0.0,0,0,0.00
2026-02-28T15:30:00.000,0.0,0.0,0.0,0.0,0,0,0.00
2026-03-01T09:30:00.000,0.0,0.0,0.0,0.0,0,0,0.00
2026-03-01T10:30:00.000,0.0,0.0,0.0,0.0,0,0,0.00
2026-03-01T11:30:00.000,0.0,0.0,0.0,0.0,0,0,0.00
2026-03-01T12:30:00.000,0.0,0.0,0.0,0.0,0,0,0.00
2026-03-01T13:30:00.000,0.0,0.0,0.0,0.0,0,0,0.00
2026-03-01T14:30:00.000,0.0,0.0,0.0,0.0,0,0,0.00
2026-03-01T15:30:00.000,0.0,0.0,0.0,0.0,0,0,0.00
2026-03-02T09:30:00.000,23.67,23.67,17.44,18.96,0,0,0.00
2026-03-02T10:30:00.000,18.88,19.49,17.07,18.98,0,0,0.00
2026-03-02T11:30:00.000,18.85,19.10,16.46,17.01,0,0,0.00
2026-03-02T12:30:00.000,17.14,17.33,16.45,17.05,0,0,0.00
2026-03-02T13:30:00.000,17.06,18.04,15.94,15.94,0,0,0.00
2026-03-02T14:30:00.000,15.97,18.29,15.70,17.82,0,0,0.00
2026-03-02T15:30:00.000,17.94,18.15,16.94,17.88,0,0,0.00
2026-03-03T09:30:00.000,23.54,29.12,22.73,28.95,0,0,0.00
2026-03-03T10:30:00.000,28.87,28.87,23.25,23.44,0,0,0.00
2026-03-03T11:30:00.000,23.55,24.93,21.58,22.08,0,0,0.00
2026-03-03T12:30:00.000,22.07,23.83,21.27,21.48,0,0,0.00
2026-03-03T13:30:00.000,21.50,21.71,20.38,20.99,0,0,0.00
2026-03-03T14:30:00.000,21.09,22.28,19.60,20.81,0,0,0.00
2026-03-03T15:30:00.000,20.74,22.63,20.65,22.36,0,0,0.00
2026-03-04T09:30:00.000,20.33,22.10,17.49,17.62,0,0,0.00
2026-03-04T10:30:00.000,17.71,19.65,17.55,18.92,0,0,0.00
2026-03-04T11:30:00.000,18.85,18.86,17.86,18.73,0,0,0.00
2026-03-04T12:30:00.000,18.68,19.27,17.59,17.60,0,0,0.00
2026-03-04T13:30:00.000,17.58,17.58,16.75,17.00,0,0,0.00
2026-03-04T14:30:00.000,17.14,17.91,16.71,17.47,0,0,0.00
2026-03-04T15:30:00.000,17.48,19.07,17.39,17.95,0,0,0.00
2026-03-05T09:30:00.000,20.12,22.17,18.30,21.89,0,0,0.00
2026-03-05T10:30:00.000,21.88,23.55,20.17,22.88,0,0,0.00
2026-03-05T11:30:00.000,22.80,24.06,20.72,23.57,0,0,0.00
2026-03-05T12:30:00.000,23.51,25.75,23.22,25.54,0,0,0.00
2026-03-05T13:30:00.000,25.57,26.25,24.15,26.22,0,0,0.00
2026-03-05T14:30:00.000,26.04,27.31,22.03,22.76,0,0,0.00
2026-03-05T15:30:00.000,22.62,23.09,21.60,22.97,0,0,0.00
2026-03-06T09:30:00.000,30.37,32.15,26.90,27.50,0,0,0.00
2026-03-06T10:30:00.000,27.42,29.18,25.64,27.93,0,0,0.00
2026-03-06T11:30:00.000,27.92,29.39,26.84,28.85,0,0,0.00
2026-03-06T12:30:00.000,28.83,31.08,26.87,28.79,0,0,0.00
2026-03-06T13:30:00.000,28.69,29.17,27.32,27.56,0,0,0.00
2026-03-06T14:30:00.000,27.61,29.84,26.61,29.72,0,0,0.00
2026-03-06T15:30:00.000,29.62,31.99,29.22,30.93,0,0,0.00
2026-03-07T09:30:00.000,0.0,0.0,0.0,0.0,0,0,0.00
2026-03-07T10:30:00.000,0.0,0.0,0.0,0.0,0,0,0.00
2026-03-07T11:30:00.000,0.0,0.0,0.0,0.0,0,0,0.00
2026-03-07T12:30:00.000,0.0,0.0,0.0,0.0,0,0,0.00
2026-03-07T13:30:00.000,0.0,0.0,0.0,0.0,0,0,0.00
2026-03-07T14:30:00.000,0.0,0.0,0.0,0.0,0,0,0.00
2026-03-07T15:30:00.000,0.0,0.0,0.0,0.0,0,0,0.00
2026-03-08T09:30:00.000,0.0,0.0,0.0,0.0,0,0,0.00
2026-03-08T10:30:00.000,0.0,0.0,0.0,0.0,0,0,0.00
2026-03-08T11:30:00.000,0.0,0.0,0.0,0.0,0,0,0.00
2026-03-08T12:30:00.000,0.0,0.0,0.0,0.0,0,0,0.00
2026-03-08T13:30:00.000,0.0,0.0,0.0,0.0,0,0,0.00
2026-03-08T14:30:00.000,0.0,0.0,0.0,0.0,0,0,0.00
2026-03-08T15:30:00.000,0.0,0.0,0.0,0.0,0,0,0.00
2026-03-09T09:30:00.000,36.06,36.06,32.13,33.88,0,0,0.00
2026-03-09T10:30:00.000,34.04,34.11,29.53,29.89,0,0,0.00
2026-03-09T11:30:00.000,29.98,31.36,29.09,29.38,0,0,0.00
2026-03-09T12:30:00.000,29.61,32.95,28.35,32.61,0,0,0.00
2026-03-09T13:30:00.000,32.62,32.86,30.47,31.04,0,0,0.00
2026-03-09T14:30:00.000,31.02,31.59,26.82,26.82,0,0,0.00
2026-03-09T15:30:00.000,26.77,28.52,25.01,27.83,0,0,0.00
2026-03-10T09:30:00.000,26.42,28.19,25.13,25.75,0,0,0.00
2026-03-10T10:30:00.000,25.79,25.79,23.50,24.17,0,0,0.00
2026-03-10T11:30:00.000,24.03,25.25,23.75,24.87,0,0,0.00
2026-03-10T12:30:00.000,24.96,24.96,22.63,22.65,0,0,0.00
2026-03-10T13:30:00.000,22.69,28.84,22.69,26.42,0,0,0.00
2026-03-10T14:30:00.000,26.48,28.47,26.12,28.40,0,0,0.00
2026-03-10T15:30:00.000,28.50,31.10,28.50,28.97,0,0,0.00
2026-03-11T09:30:00.000,28.68,29.64,25.53,28.95,0,0,0.00
2026-03-11T10:30:00.000,28.96,30.16,26.60,30.16,0,0,0.00
2026-03-11T11:30:00.000,30.52,31.70,29.72,30.94,0,0,0.00
2026-03-11T12:30:00.000,30.90,30.90,28.98,29.27,0,0,0.00
2026-03-11T13:30:00.000,29.22,31.93,29.02,29.67,0,0,0.00
2026-03-11T14:30:00.000,29.37,30.70,29.25,30.14,0,0,0.00
2026-03-11T15:30:00.000,30.11,30.13,29.00,29.18,0,0,0.00
2026-03-12T09:30:00.000,32.56,34.24,31.56,34.10,0,0,0.00
2026-03-12T10:30:00.000,34.13,35.06,31.97,33.66,0,0,0.00
2026-03-12T11:30:00.000,33.74,34.28,31.07,32.96,0,0,0.00
2026-03-12T12:30:00.000,33.11,33.30,31.11,32.47,0,0,0.00
2026-03-12T13:30:00.000,32.53,33.43,31.32,33.13,0,0,0.00
2026-03-12T14:30:00.000,33.05,34.44,32.75,33.00,0,0,0.00
2026-03-12T15:30:00.000,33.05,35.96,32.36,35.52,0,0,0.00
2026-03-13T09:30:00.000,30.74,34.10,29.66,32.78,0,0,0.00
2026-03-13T10:30:00.000,32.93,36.20,31.84,36.20,0,0,0.00
2026-03-13T11:30:00.000,36.23,36.87,35.18,35.88,0,0,0.00
2026-03-13T12:30:00.000,35.84,36.60,35.09,35.78,0,0,0.00
2026-03-13T13:30:00.000,35.86,37.62,35.74,36.69,0,0,0.00
2026-03-13T14:30:00.000,36.40,37.21,35.05,36.84,0,0,0.00
2026-03-13T15:30:00.000,36.79,37.74,36.17,37.21,0,0,0.00
2026-03-14T09:30:00.000,0.0,0.0,0.0,0.0,0,0,0.00
2026-03-14T10:30:00.000,0.0,0.0,0.0,0.0,0,0,0.00
2026-03-14T11:30:00.000,0.0,0.0,0.0,0.0,0,0,0.00
2026-03-14T12:30:00.000,0.0,0.0,0.0,0.0,0,0,0.00
2026-03-14T13:30:00.000,0.0,0.0,0.0,0.0,0,0,0.00
2026-03-14T14:30:00.000,0.0,0.0,0.0,0.0,0,0,0.00
2026-03-14T15:30:00.000,0.0,0.0,0.0,0.0,0,0,0.00
2026-03-15T09:30:00.000,0.0,0.0,0.0,0.0,0,0,0.00
2026-03-15T10:30:00.000,0.0,0.0,0.0,0.0,0,0,0.00
2026-03-15T11:30:00.000,0.0,0.0,0.0,0.0,0,0,0.00
2026-03-15T12:30:00.000,0.0,0.0,0.0,0.0,0,0,0.00
2026-03-15T13:30:00.000,0.0,0.0,0.0,0.0,0,0,0.00
2026-03-15T14:30:00.000,0.0,0.0,0.0,0.0,0,0,0.00
2026-03-15T15:30:00.000,0.0,0.0,0.0,0.0,0,0,0.00
2026-03-16T09:30:00.000,33.61,33.61,28.88,30.16,0,0,0.00
2026-03-16T10:30:00.000,30.11,32.09,29.86,30.20,0,0,0.00
2026-03-16T11:30:00.000,30.11,32.89,29.26,32.83,0,0,0.00
2026-03-16T12:30:00.000,32.82,33.02,30.61,30.97,0,0,0.00
2026-03-16T13:30:00.000,30.90,31.62,29.28,29.47,0,0,0.00
2026-03-16T14:30:00.000,29.45,30.41,28.14,30.11,0,0,0.00
2026-03-16T15:30:00.000,30.27,30.84,29.50,29.56,0,0,0.00
2026-03-17T09:30:00.000,26.67,28.85,26.67,28.30,0,0,0.00
2026-03-17T10:30:00.000,28.29,29.39,27.35,29.28,0,0,0.00
2026-03-17T11:30:00.000,29.45,30.79,29.24,29.83,0,0,0.00
2026-03-17T12:30:00.000,29.90,30.50,29.31,29.60,0,0,0.00
2026-03-17T13:30:00.000,29.59,29.90,28.68,29.53,0,0,0.00
2026-03-17T14:30:00.000,29.55,29.65,28.61,29.07,0,0,0.00
2026-03-17T15:30:00.000,29.09,29.95,28.98,29.50,0,0,0.00
2026-03-18T09:30:00.000,31.00,32.86,30.12,32.59,0,0,0.00
2026-03-18T10:30:00.000,32.69,33.19,30.57,31.85,0,0,0.00
2026-03-18T11:30:00.000,31.90,32.23,31.35,31.76,0,0,0.00
2026-03-18T12:30:00.000,31.66,32.73,31.52,32.38,0,0,0.00
2026-03-18T13:30:00.000,32.43,32.85,30.82,31.59,0,0,0.00
2026-03-18T14:30:00.000,31.57,33.27,31.52,32.91,0,0,0.00
2026-03-18T15:30:00.000,32.93,35.99,32.63,35.78,0,0,0.00
2026-03-19T09:30:00.000,39.45,39.66,35.86,38.37,0,0,0.00
2026-03-19T10:30:00.000,38.47,38.47,35.27,36.31,0,0,0.00
2026-03-19T11:30:00.000,36.37,37.58,34.95,35.33,0,0,0.00
2026-03-19T12:30:00.000,35.35,36.90,34.53,35.95,0,0,0.00
2026-03-19T13:30:00.000,35.98,36.53,34.37,35.11,0,0,0.00
2026-03-19T14:30:00.000,35.08,35.77,31.77,34.26,0,0,0.00
2026-03-19T15:30:00.000,34.06,34.68,33.03,33.03,0,0,0.00
2026-03-20T09:30:00.000,34.65,39.03,34.17,38.51,0,0,0.00
2026-03-20T10:30:00.000,38.69,38.69,36.13,37.35,0,0,0.00
2026-03-20T11:30:00.000,37.39,37.40,36.19,37.06,0,0,0.00
2026-03-20T12:30:00.000,37.04,38.21,36.39,37.89,0,0,0.00
2026-03-20T13:30:00.000,37.82,41.11,37.79,40.50,0,0,0.00
2026-03-20T14:30:00.000,40.46,42.57,40.18,42.42,0,0,0.00
2026-03-20T15:30:00.000,42.31,44.67,38.56,38.70,0,0,0.00
2026-03-21T09:30:00.000,0.0,0.0,0.0,0.0,0,0,0.00
2026-03-21T10:30:00.000,0.0,0.0,0.0,0.0,0,0,0.00
2026-03-21T11:30:00.000,0.0,0.0,0.0,0.0,0,0,0.00
2026-03-21T12:30:00.000,0.0,0.0,0.0,0.0,0,0,0.00
2026-03-21T13:30:00.000,0.0,0.0,0.0,0.0,0,0,0.00
2026-03-21T14:30:00.000,0.0,0.0,0.0,0.0,0,0,0.00
2026-03-21T15:30:00.000,0.0,0.0,0.0,0.0,0,0,0.00
2026-03-22T09:30:00.000,0.0,0.0,0.0,0.0,0,0,0.00
2026-03-22T10:30:00.000,0.0,0.0,0.0,0.0,0,0,0.00
2026-03-22T11:30:00.000,0.0,0.0,0.0,0.0,0,0,0.00
2026-03-22T12:30:00.000,0.0,0.0,0.0,0.0,0,0,0.00
2026-03-22T13:30:00.000,0.0,0.0,0.0,0.0,0,0,0.00
2026-03-22T14:30:00.000,0.0,0.0,0.0,0.0,0,0,0.00
2026-03-22T15:30:00.000,0.0,0.0,0.0,0.0,0,0,0.00
2026-03-23T09:30:00.000,40.27,40.33,31.77,32.53,0,0,0.00
2026-03-23T10:30:00.000,32.65,34.09,32.00,33.51,0,0,0.00
2026-03-23T11:30:00.000,33.62,38.58,33.22,38.58,0,0,0.00
2026-03-23T12:30:00.000,38.90,38.90,36.28,36.83,0,0,0.00
2026-03-23T13:30:00.000,36.99,36.99,34.45,35.80,0,0,0.00
2026-03-23T14:30:00.000,35.79,37.06,34.55,36.90,0,0,0.00
2026-03-23T15:30:00.000,36.91,38.78,35.64,37.61,0,0,0.00
2026-03-24T09:30:00.000,40.05,41.06,36.89,38.05,0,0,0.00
2026-03-24T10:30:00.000,38.18,38.33,35.56,35.94,0,0,0.00
2026-03-24T11:30:00.000,35.80,37.62,35.46,36.33,0,0,0.00
2026-03-24T12:30:00.000,36.49,39.44,36.46,38.79,0,0,0.00
2026-03-24T13:30:00.000,38.81,39.45,37.07,38.07,0,0,0.00
2026-03-24T14:30:00.000,37.92,37.92,36.42,36.92,0,0,0.00
2026-03-24T15:30:00.000,36.88,38.31,36.67,37.49,0,0,0.00
2026-03-25T09:30:00.000,34.93,37.90,34.33,35.36,0,0,0.00
2026-03-25T10:30:00.000,35.46,38.29,34.24,35.01,0,0,0.00
2026-03-25T11:30:00.000,34.79,37.11,34.55,36.43,0,0,0.00
2026-03-25T12:30:00.000,36.39,36.44,34.73,34.89,0,0,0.00
2026-03-25T13:30:00.000,34.84,35.54,34.38,34.63,0,0,0.00
2026-03-25T14:30:00.000,34.82,35.54,34.17,34.47,0,0,0.00
2026-03-25T15:30:00.000,34.42,35.17,34.39,34.76,0,0,0.00
2026-03-26T09:30:00.000,36.63,38.68,35.71,36.18,0,0,0.00
2026-03-26T10:30:00.000,36.14,37.62,35.42,36.68,0,0,0.00
2026-03-26T11:30:00.000,36.81,37.65,35.90,37.64,0,0,0.00
2026-03-26T12:30:00.000,37.60,38.37,36.69,37.78,0,0,0.00
2026-03-26T13:30:00.000,37.79,38.87,37.48,37.74,0,0,0.00
2026-03-26T14:30:00.000,37.78,38.18,36.58,38.12,0,0,0.00
2026-03-26T15:30:00.000,37.93,47.77,21.95,36.19,0,0,0.00
2026-03-27T09:30:00.000,40.28,41.33,38.53,39.71,0,0,0.00
2026-03-27T10:30:00.000,39.68,39.94,38.12,38.12,0,0,0.00
2026-03-27T11:30:00.000,38.26,40.15,37.48,40.11,0,0,0.00
2026-03-27T12:30:00.000,40.04,41.42,39.45,41.39,0,0,0.00
2026-03-27T13:30:00.000,41.37,42.91,40.73,42.34,0,0,0.00
2026-03-27T14:30:00.000,42.28,42.61,41.57,41.85,0,0,0.00
2026-03-27T15:30:00.000,41.80,42.99,41.12,41.68,0,0,0.00
2026-03-28T09:30:00.000,0.0,0.0,0.0,0.0,0,0,0.00
2026-03-28T10:30:00.000,0.0,0.0,0.0,0.0,0,0,0.00
2026-03-28T11:30:00.000,0.0,0.0,0.0,0.0,0,0,0.00
2026-03-28T12:30:00.000,0.0,0.0,0.0,0.0,0,0,0.00
2026-03-28T13:30:00.000,0.0,0.0,0.0,0.0,0,0,0.00
2026-03-28T14:30:00.000,0.0,0.0,0.0,0.0,0,0,0.00
2026-03-28T15:30:00.000,0.0,0.0,0.0,0.0,0,0,0.00
2026-03-29T09:30:00.000,0.0,0.0,0.0,0.0,0,0,0.00
2026-03-29T10:30:00.000,0.0,0.0,0.0,0.0,0,0,0.00
2026-03-29T11:30:00.000,0.0,0.0,0.0,0.0,0,0,0.00
2026-03-29T12:30:00.000,0.0,0.0,0.0,0.0,0,0,0.00
2026-03-29T13:30:00.000,0.0,0.0,0.0,0.0,0,0,0.00
2026-03-29T14:30:00.000,0.0,0.0,0.0,0.0,0,0,0.00
2026-03-29T15:30:00.000,0.0,0.0,0.0,0.0,0,0,0.00
2026-03-30T09:30:00.000,38.73,39.13,35.60,37.50,0,0,0.00
2026-03-30T10:30:00.000,37.57,37.83,36.14,37.39,0,0,0.00
2026-03-30T11:30:00.000,37.36,37.87,36.16,37.76,0,0,0.00
2026-03-30T12:30:00.000,37.78,38.54,37.28,38.39,0,0,0.00
2026-03-30T13:30:00.000,38.44,38.87,37.56,37.95,0,0,0.00
2026-03-30T14:30:00.000,38.08,38.97,37.40,38.73,0,0,0.00
2026-03-30T15:30:00.000,38.60,38.77,36.63,37.80,0,0,0.00
2026-03-31T09:30:00.000,32.39,33.54,32.15,32.21,0,0,0.00
2026-03-31T10:30:00.000,32.15,34.38,32.05,32.57,0,0,0.00
2026-03-31T11:30:00.000,32.52,32.75,31.23,31.48,0,0,0.00
2026-03-31T12:30:00.000,31.59,31.75,28.72,29.74,0,0,0.00
2026-03-31T13:30:00.000,29.76,30.17,29.01,29.78,0,0,0.00
2026-03-31T14:30:00.000,29.81,29.96,28.41,28.56,0,0,0.00
2026-03-31T15:30:00.000,28.50,28.98,27.84,28.11,0,0,0.00
2026-04-01T09:30:00.000,26.33,27.54,25.88,26.09,0,0,0.00
2026-04-01T10:30:00.000,26.11,26.31,24.39,24.83,0,0,0.00
2026-04-01T11:30:00.000,24.84,25.16,23.83,24.73,0,0,0.00
2026-04-01T12:30:00.000,24.69,24.97,23.86,23.88,0,0,0.00
2026-04-01T13:30:00.000,23.90,27.40,23.81,27.32,0,0,0.00
2026-04-01T14:30:00.000,27.55,27.86,25.80,25.98,0,0,0.00
2026-04-01T15:30:00.000,25.88,26.81,25.74,26.08,0,0,0.00
2026-04-02T09:30:00.000,30.68,31.21,27.60,27.95,0,0,0.00
2026-04-02T10:30:00.000,27.97,28.10,24.91,26.01,0,0,0.00
2026-04-02T11:30:00.000,25.98,28.26,25.59,28.09,0,0,0.00
2026-04-02T12:30:00.000,28.12,28.29,26.60,26.83,0,0,0.00
2026-04-02T13:30:00.000,26.76,28.06,26.38,26.77,0,0,0.00
2026-04-02T14:30:00.000,26.83,27.10,25.88,26.50,0,0,0.00
2026-04-02T15:30:00.000,26.41,26.66,25.00,25.00,0,0,0.00
2026-04-03T09:30:00.000,0.0,0.0,0.0,0.0,0,0,0.00
2026-04-03T10:30:00.000,0.0,0.0,0.0,0.0,0,0,0.00
2026-04-03T11:30:00.000,0.0,0.0,0.0,0.0,0,0,0.00
2026-04-03T12:30:00.000,0.0,0.0,0.0,0.0,0,0,0.00
2026-04-03T13:30:00.000,0.0,0.0,0.0,0.0,0,0,0.00
2026-04-03T14:30:00.000,0.0,0.0,0.0,0.0,0,0,0.00
2026-04-03T15:30:00.000,0.0,0.0,0.0,0.0,0,0,0.00
2026-04-04T09:30:00.000,0.0,0.0,0.0,0.0,0,0,0.00
2026-04-04T10:30:00.000,0.0,0.0,0.0,0.0,0,0,0.00
2026-04-04T11:30:00.000,0.0,0.0,0.0,0.0,0,0,0.00
2026-04-04T12:30:00.000,0.0,0.0,0.0,0.0,0,0,0.00
2026-04-04T13:30:00.000,0.0,0.0,0.0,0.0,0,0,0.00
2026-04-04T14:30:00.000,0.0,0.0,0.0,0.0,0,0,0.00
2026-04-04T15:30:00.000,0.0,0.0,0.0,0.0,0,0,0.00
2026-04-05T09:30:00.000,0.0,0.0,0.0,0.0,0,0,0.00
2026-04-05T10:30:00.000,0.0,0.0,0.0,0.0,0,0,0.00
2026-04-05T11:30:00.000,0.0,0.0,0.0,0.0,0,0,0.00
2026-04-05T12:30:00.000,0.0,0.0,0.0,0.0,0,0,0.00
2026-04-05T13:30:00.000,0.0,0.0,0.0,0.0,0,0,0.00
2026-04-05T14:30:00.000,0.0,0.0,0.0,0.0,0,0,0.00
2026-04-05T15:30:00.000,0.0,0.0,0.0,0.0,0,0,0.00
2026-04-06T09:30:00.000,27.06,27.06,22.64,22.66,0,0,0.00
2026-04-06T10:30:00.000,22.69,24.19,22.35,23.72,0,0,0.00
2026-04-06T11:30:00.000,23.77,24.13,23.07,23.29,0,0,0.00
2026-04-06T12:30:00.000,23.23,25.14,23.18,23.95,0,0,0.00
2026-04-06T13:30:00.000,23.98,24.70,23.54,23.85,0,0,0.00
2026-04-06T14:30:00.000,23.93,24.63,23.81,24.48,0,0,0.00
2026-04-06T15:30:00.000,24.47,24.54,23.85,24.08,0,0,0.00
2026-04-07T09:30:00.000,26.10,29.40,25.69,27.13,0,0,0.00
2026-04-07T10:30:00.000,27.10,30.78,27.03,28.45,0,0,0.00
2026-04-07T11:30:00.000,28.28,28.61,26.36,27.78,0,0,0.00
2026-04-07T12:30:00.000,27.79,28.50,27.22,28.24,0,0,0.00
2026-04-07T13:30:00.000,28.21,28.68,26.69,28.68,0,0,0.00
2026-04-07T14:30:00.000,28.75,30.44,26.59,26.88,0,0,0.00
2026-04-07T15:30:00.000,26.97,28.42,25.67,25.70,0,0,0.00
2026-04-08T09:30:00.000,15.12,17.13,15.02,17.02,0,0,0.00
2026-04-08T10:30:00.000,17.19,19.60,17.19,17.91,0,0,0.00
2026-04-08T11:30:00.000,18.02,18.12,16.82,17.23,0,0,0.00
2026-04-08T12:30:00.000,17.20,17.61,16.51,17.57,0,0,0.00
2026-04-08T13:30:00.000,17.55,17.98,16.90,17.79,0,0,0.00
2026-04-08T14:30:00.000,17.84,19.13,17.63,18.46,0,0,0.00
2026-04-08T15:30:00.000,18.43,18.43,17.03,17.27,0,0,0.00
2026-04-09T09:30:00.000,16.98,17.18,16.47,17.14,0,0,0.00
2026-04-09T10:30:00.000,16.94,17.23,15.41,15.67,0,0,0.00
2026-04-09T11:30:00.000,15.71,15.76,14.12,14.67,0,0,0.00
2026-04-09T12:30:00.000,14.75,15.08,14.24,14.34,0,0,0.00
2026-04-09T13:30:00.000,14.37,15.20,14.20,15.00,0,0,0.00
2026-04-09T14:30:00.000,15.04,15.22,14.18,14.22,0,0,0.00
2026-04-09T15:30:00.000,14.26,14.39,13.73,14.25,0,0,0.00
2026-04-10T09:30:00.000,13.32,13.56,12.60,12.69,0,0,0.00
2026-04-10T10:30:00.000,12.68,13.21,12.55,12.95,0,0,0.00
2026-04-10T11:30:00.000,12.90,14.76,12.82,14.10,0,0,0.00
2026-04-10T12:30:00.000,14.14,14.85,14.06,14.75,0,0,0.00
2026-04-10T13:30:00.000,14.76,14.88,13.64,13.81,0,0,0.00
2026-04-10T14:30:00.000,13.78,14.08,13.33,13.53,0,0,0.00
2026-04-10T15:30:00.000,13.56,14.08,13.54,13.58,0,0,0.00
2026-04-11T09:30:00.000,0.0,0.0,0.0,0.0,0,0,0.00
2026-04-11T10:30:00.000,0.0,0.0,0.0,0.0,0,0,0.00
2026-04-11T11:30:00.000,0.0,0.0,0.0,0.0,0,0,0.00
2026-04-11T12:30:00.000,0.0,0.0,0.0,0.0,0,0,0.00
2026-04-11T13:30:00.000,0.0,0.0,0.0,0.0,0,0,0.00
2026-04-11T14:30:00.000,0.0,0.0,0.0,0.0,0,0,0.00
2026-04-11T15:30:00.000,0.0,0.0,0.0,0.0,0,0,0.00
2026-04-12T09:30:00.000,0.0,0.0,0.0,0.0,0,0,0.00
2026-04-12T10:30:00.000,0.0,0.0,0.0,0.0,0,0,0.00
2026-04-12T11:30:00.000,0.0,0.0,0.0,0.0,0,0,0.00
2026-04-12T12:30:00.000,0.0,0.0,0.0,0.0,0,0,0.00
2026-04-12T13:30:00.000,0.0,0.0,0.0,0.0,0,0,0.00
2026-04-12T14:30:00.000,0.0,0.0,0.0,0.0,0,0,0.00
2026-04-12T15:30:00.000,0.0,0.0,0.0,0.0,0,0,0.00
2026-04-13T09:30:00.000,16.35,16.35,13.95,13.95,0,0,0.00
2026-04-13T10:30:00.000,13.93,14.03,13.38,13.70,0,0,0.00
2026-04-13T11:30:00.000,13.73,14.01,13.00,13.08,0,0,0.00
2026-04-13T12:30:00.000,13.04,13.51,12.97,13.46,0,0,0.00
2026-04-13T13:30:00.000,13.45,13.69,13.11,13.28,0,0,0.00
2026-04-13T14:30:00.000,13.24,13.24,12.51,12.55,0,0,0.00
2026-04-13T15:30:00.000,12.54,12.73,12.14,12.39,0,0,0.00
2026-04-14T09:30:00.000,11.59,11.59,10.71,10.78,0,0,0.00
2026-04-14T10:30:00.000,10.81,11.61,10.69,11.14,0,0,0.00
2026-04-14T11:30:00.000,11.12,11.38,10.95,11.29,0,0,0.00
2026-04-14T12:30:00.000,11.28,11.71,11.28,11.63,0,0,0.00
2026-04-14T13:30:00.000,11.62,12.05,11.50,11.85,0,0,0.00
2026-04-14T14:30:00.000,11.88,11.91,11.47,11.48,0,0,0.00
2026-04-14T15:30:00.000,11.59,11.97,11.57,11.58,0,0,0.00
2026-04-15T09:30:00.000,10.75,11.18,9.80,10.01,0,0,0.00
2026-04-15T10:30:00.000,9.97,11.03,9.87,10.87,0,0,0.00
2026-04-15T11:30:00.000,10.90,11.30,10.88,11.02,0,0,0.00
2026-04-15T12:30:00.000,11.05,11.80,11.02,11.43,0,0,0.00
2026-04-15T13:30:00.000,11.41,11.61,10.99,10.99,0,0,0.00
2026-04-15T14:30:00.000,10.98,11.04,10.70,10.98,0,0,0.00
2026-04-15T15:30:00.000,10.99,11.28,10.91,11.05,0,0,0.00
2026-04-16T09:30:00.000,11.17,12.97,11.17,12.80,0,0,0.00
2026-04-16T10:30:00.000,12.89,12.89,11.62,12.01,0,0,0.00
2026-04-16T11:30:00.000,12.00,12.07,11.67,11.83,0,0,0.00
2026-04-16T12:30:00.000,11.84,12.39,11.84,12.00,0,0,0.00
2026-04-16T13:30:00.000,11.99,11.99,11.44,11.55,0,0,0.00
2026-04-16T14:30:00.000,11.57,11.57,10.88,10.94,0,0,0.00
2026-04-16T15:30:00.000,10.95,10.99,10.67,10.94,0,0,0.00
2026-04-17T09:30:00.000,10.12,10.86,10.12,10.71,0,0,0.00
2026-04-17T10:30:00.000,10.75,10.88,9.17,9.17,0,0,0.00
2026-04-17T11:30:00.000,9.14,10.47,9.14,10.45,0,0,0.00
2026-04-17T12:30:00.000,10.44,10.94,10.41,10.76,0,0,0.00
2026-04-17T13:30:00.000,10.79,11.19,10.56,11.02,0,0,0.00
2026-04-17T14:30:00.000,11.00,11.64,10.89,11.57,0,0,0.00
2026-04-17T15:30:00.000,11.61,11.61,10.75,10.84,0,0,0.00
2026-04-18T09:30:00.000,0.0,0.0,0.0,0.0,0,0,0.00
2026-04-18T10:30:00.000,0.0,0.0,0.0,0.0,0,0,0.00
2026-04-18T11:30:00.000,0.0,0.0,0.0,0.0,0,0,0.00
2026-04-18T12:30:00.000,0.0,0.0,0.0,0.0,0,0,0.00
2026-04-18T13:30:00.000,0.0,0.0,0.0,0.0,0,0,0.00
2026-04-18T14:30:00.000,0.0,0.0,0.0,0.0,0,0,0.00
2026-04-18T15:30:00.000,0.0,0.0,0.0,0.0,0,0,0.00
2026-04-19T09:30:00.000,0.0,0.0,0.0,0.0,0,0,0.00
2026-04-19T10:30:00.000,0.0,0.0,0.0,0.0,0,0,0.00
2026-04-19T11:30:00.000,0.0,0.0,0.0,0.0,0,0,0.00
2026-04-19T12:30:00.000,0.0,0.0,0.0,0.0,0,0,0.00
2026-04-19T13:30:00.000,0.0,0.0,0.0,0.0,0,0,0.00
2026-04-19T14:30:00.000,0.0,0.0,0.0,0.0,0,0,0.00
2026-04-19T15:30:00.000,0.0,0.0,0.0,0.0,0,0,0.00
2026-04-20T09:30:00.000,13.05,13.05,11.68,12.73,0,0,0.00
2026-04-20T10:30:00.000,12.75,14.38,12.69,12.88,0,0,0.00
2026-04-20T11:30:00.000,12.86,13.15,12.58,12.62,0,0,0.00
2026-04-20T12:30:00.000,12.63,12.88,12.50,12.72,0,0,0.00
2026-04-20T13:30:00.000,12.66,12.89,12.48,12.56,0,0,0.00
2026-04-20T14:30:00.000,12.60,12.85,12.50,12.79,0,0,0.00
2026-04-20T15:30:00.000,12.82,13.04,12.40,12.47,0,0,0.00
2026-04-21T09:30:00.000,13.15,13.40,12.34,12.54,0,0,0.00
2026-04-21T10:30:00.000,12.49,13.60,12.28,13.36,0,0,0.00
2026-04-21T11:30:00.000,13.39,13.69,12.90,13.60,0,0,0.00
2026-04-21T12:30:00.000,13.61,14.96,13.38,14.56,0,0,0.00
2026-04-21T13:30:00.000,14.57,14.57,13.31,13.93,0,0,0.00
2026-04-21T14:30:00.000,13.92,14.06,12.73,12.91,0,0,0.00
2026-04-21T15:30:00.000,12.87,15.45,6.11,12.75,0,0,0.00
2026-04-22T09:30:00.000,12.09,12.29,11.55,11.55,0,0,0.00
2026-04-22T10:30:00.000,11.60,12.21,11.53,11.90,0,0,0.00
2026-04-22T11:30:00.000,11.95,12.40,11.84,12.21,0,0,0.00
2026-04-22T12:30:00.000,12.25,12.54,12.12,12.20,0,0,0.00
2026-04-22T13:30:00.000,12.18,12.24,11.93,11.98,0,0,0.00
2026-04-22T14:30:00.000,11.99,12.04,11.46,11.48,0,0,0.00
2026-04-22T15:30:00.000,11.47,11.62,11.11,11.53,0,0,0.00
2026-04-23T09:30:00.000,12.18,12.44,11.77,11.95,0,0,0.00
2026-04-23T10:30:00.000,11.93,11.93,11.39,11.62,0,0,0.00
2026-04-23T11:30:00.000,11.67,12.73,11.67,12.21,0,0,0.00
2026-04-23T12:30:00.000,12.20,14.85,11.86,14.38,0,0,0.00
2026-04-23T13:30:00.000,14.50,16.68,12.24,12.66,0,0,0.00
2026-04-23T14:30:00.000,12.54,13.96,12.21,12.84,0,0,0.00
2026-04-23T15:30:00.000,12.82,13.66,12.06,12.68,0,0,0.00
2026-04-24T09:30:00.000,12.04,12.42,11.50,11.64,0,0,0.00
2026-04-24T10:30:00.000,11.61,11.69,10.63,10.74,0,0,0.00
2026-04-24T11:30:00.000,10.75,10.80,10.14,10.76,0,0,0.00
2026-04-24T12:30:00.000,10.74,10.94,10.59,10.85,0,0,0.00
2026-04-24T13:30:00.000,10.87,10.96,10.60,10.85,0,0,0.00
2026-04-24T14:30:00.000,10.87,10.89,10.52,10.81,0,0,0.00
2026-04-24T15:30:00.000,10.82,11.23,10.81,11.17,0,0,0.00
2026-04-25T09:30:00.000,0.0,0.0,0.0,0.0,0,0,0.00
2026-04-25T10:30:00.000,0.0,0.0,0.0,0.0,0,0,0.00
2026-04-25T11:30:00.000,0.0,0.0,0.0,0.0,0,0,0.00
2026-04-25T12:30:00.000,0.0,0.0,0.0,0.0,0,0,0.00
2026-04-25T13:30:00.000,0.0,0.0,0.0,0.0,0,0,0.00
2026-04-25T14:30:00.000,0.0,0.0,0.0,0.0,0,0,0.00
2026-04-25T15:30:00.000,0.0,0.0,0.0,0.0,0,0,0.00
2026-04-26T09:30:00.000,0.0,0.0,0.0,0.0,0,0,0.00
2026-04-26T10:30:00.000,0.0,0.0,0.0,0.0,0,0,0.00
2026-04-26T11:30:00.000,0.0,0.0,0.0,0.0,0,0,0.00
2026-04-26T12:30:00.000,0.0,0.0,0.0,0.0,0,0,0.00
2026-04-26T13:30:00.000,0.0,0.0,0.0,0.0,0,0,0.00
2026-04-26T14:30:00.000,0.0,0.0,0.0,0.0,0,0,0.00
2026-04-26T15:30:00.000,0.0,0.0,0.0,0.0,0,0,0.00
2026-04-27T09:30:00.000,12.31,12.31,10.53,10.61,0,0,0.00
2026-04-27T10:30:00.000,10.63,10.95,10.27,10.74,0,0,0.00
2026-04-27T11:30:00.000,10.70,10.82,10.26,10.38,0,0,0.00
2026-04-27T12:30:00.000,10.32,10.36,10.09,10.11,0,0,0.00
2026-04-27T13:30:00.000,10.12,10.15,9.78,9.97,0,0,0.00
2026-04-27T14:30:00.000,9.94,10.05,9.55,9.57,0,0,0.00
2026-04-27T15:30:00.000,9.56,9.58,9.20,9.20,0,0,0.00
2026-04-28T09:30:00.000,11.09,11.09,10.16,10.41,0,0,0.00
2026-04-28T10:30:00.000,10.47,11.25,10.30,10.98,0,0,0.00
2026-04-28T11:30:00.000,10.97,11.38,10.93,11.04,0,0,0.00
2026-04-28T12:30:00.000,11.03,11.34,10.88,10.94,0,0,0.00
2026-04-28T13:30:00.000,10.96,10.96,10.36,10.37,0,0,0.00
2026-04-28T14:30:00.000,10.38,10.76,10.24,10.42,0,0,0.00
2026-04-28T15:30:00.000,10.39,10.48,10.06,10.18,0,0,0.00
2026-04-29T09:30:00.000,11.25,11.46,10.39,10.46,0,0,0.00
2026-04-29T10:30:00.000,10.48,10.96,10.27,10.59,0,0,0.00
2026-04-29T11:30:00.000,10.56,11.34,10.52,11.29,0,0,0.00
2026-04-29T12:30:00.000,11.30,11.78,11.16,11.19,0,0,0.00
2026-04-29T13:30:00.000,11.15,11.65,10.76,11.21,0,0,0.00
2026-04-29T14:30:00.000,11.29,11.42,10.34,10.54,0,0,0.00
2026-04-29T15:30:00.000,10.59,11.31,9.64,11.28,0,0,0.00
2026-04-30T09:30:00.000,12.38,13.53,12.31,12.51,0,0,0.00
2026-04-30T10:30:00.000,12.42,12.62,11.36,11.55,0,0,0.00
2026-04-30T11:30:00.000,11.52,12.02,11.49,11.90,0,0,0.00
2026-04-30T12:30:00.000,11.86,12.11,11.41,11.56,0,0,0.00
2026-04-30T13:30:00.000,11.54,11.55,11.08,11.43,0,0,0.00
2026-04-30T14:30:00.000,11.41,11.46,11.07,11.42,0,0,0.00
2026-04-30T15:30:00.000,11.44,11.47,10.58,10.63,0,0,0.00
2026-05-01T09:30:00.000,10.86,10.86,10.29,10.73,0,0,0.00
2026-05-01T10:30:00.000,10.72,11.39,10.69,11.21,0,0,0.00
2026-05-01T11:30:00.000,11.20,11.98,11.10,11.80,0,0,0.00
2026-05-01T12:30:00.000,11.82,11.92,11.27,11.29,0,0,0.00
2026-05-01T13:30:00.000,11.28,12.03,11.28,11.93,0,0,0.00
2026-05-01T14:30:00.000,11.95,12.08,11.17,11.26,0,0,0.00
2026-05-01T15:30:00.000,11.29,12.38,11.24,12.13,0,0,0.00
2026-05-02T09:30:00.000,0.0,0.0,0.0,0.0,0,0,0.00
2026-05-02T10:30:00.000,0.0,0.0,0.0,0.0,0,0,0.00
2026-05-02T11:30:00.000,0.0,0.0,0.0,0.0,0,0,0.00
2026-05-02T12:30:00.000,0.0,0.0,0.0,0.0,0,0,0.00
2026-05-02T13:30:00.000,0.0,0.0,0.0,0.0,0,0,0.00
2026-05-02T14:30:00.000,0.0,0.0,0.0,0.0,0,0,0.00
2026-05-02T15:30:00.000,0.0,0.0,0.0,0.0,0,0,0.00
2026-05-03T09:30:00.000,0.0,0.0,0.0,0.0,0,0,0.00
2026-05-03T10:30:00.000,0.0,0.0,0.0,0.0,0,0,0.00
2026-05-03T11:30:00.000,0.0,0.0,0.0,0.0,0,0,0.00
2026-05-03T12:30:00.000,0.0,0.0,0.0,0.0,0,0,0.00
2026-05-03T13:30:00.000,0.0,0.0,0.0,0.0,0,0,0.00
2026-05-03T14:30:00.000,0.0,0.0,0.0,0.0,0,0,0.00
2026-05-03T15:30:00.000,0.0,0.0,0.0,0.0,0,0,0.00
2026-05-04T09:30:00.000,13.91,13.95,11.18,11.38,0,0,0.00
2026-05-04T10:30:00.000,11.35,13.82,11.23,13.14,0,0,0.00
2026-05-04T11:30:00.000,13.15,15.30,13.12,14.08,0,0,0.00
2026-05-04T12:30:00.000,14.13,14.64,13.08,13.16,0,0,0.00
2026-05-04T13:30:00.000,13.12,14.39,13.12,14.05,0,0,0.00
2026-05-04T14:30:00.000,13.94,14.41,13.72,13.97,0,0,0.00
2026-05-04T15:30:00.000,14.00,14.30,13.73,14.17,0,0,0.00
2026-05-05T09:30:00.000,12.27,12.55,11.73,11.76,0,0,0.00
2026-05-05T10:30:00.000,11.74,12.09,11.65,11.89,0,0,0.00
2026-05-05T11:30:00.000,11.88,12.02,11.59,11.72,0,0,0.00
2026-05-05T12:30:00.000,11.67,11.81,11.47,11.50,0,0,0.00
2026-05-05T13:30:00.000,11.49,11.70,11.29,11.61,0,0,0.00
2026-05-05T14:30:00.000,11.64,11.80,11.48,11.68,0,0,0.00
2026-05-05T15:30:00.000,11.65,12.25,11.65,11.96,0,0,0.00
2026-05-06T09:30:00.000,10.71,11.10,10.28,10.55,0,0,0.00
2026-05-06T10:30:00.000,10.56,11.04,10.42,10.97,0,0,0.00
2026-05-06T11:30:00.000,11.01,11.35,10.93,11.16,0,0,0.00
2026-05-06T12:30:00.000,11.20,11.40,11.02,11.22,0,0,0.00
2026-05-06T13:30:00.000,11.24,11.24,10.90,11.01,0,0,0.00
2026-05-06T14:30:00.000,11.02,11.40,10.99,11.29,0,0,0.00
2026-05-06T15:30:00.000,11.28,11.58,11.27,11.41,0,0,0.00
2026-05-07T09:30:00.000,11.01,11.01,10.04,10.34,0,0,0.00
2026-05-07T10:30:00.000,10.32,11.10,10.30,11.04,0,0,0.00
2026-05-07T11:30:00.000,11.05,12.09,10.94,11.26,0,0,0.00
2026-05-07T12:30:00.000,11.20,11.89,11.05,11.59,0,0,0.00
2026-05-07T13:30:00.000,11.63,11.79,10.62,10.91,0,0,0.00
2026-05-07T14:30:00.000,10.90,11.22,10.61,11.09,0,0,0.00
2026-05-07T15:30:00.000,11.07,12.05,10.66,10.90,0,0,0.00
2026-05-08T09:30:00.000,10.64,11.40,9.99,11.37,0,0,0.00
2026-05-08T10:30:00.000,11.36,11.41,10.76,10.85,0,0,0.00
2026-05-08T11:30:00.000,10.83,10.97,10.57,10.60,0,0,0.00
2026-05-08T12:30:00.000,10.59,10.73,10.22,10.37,0,0,0.00
2026-05-08T13:30:00.000,10.36,10.82,10.34,10.67,0,0,0.00
2026-05-08T14:30:00.000,10.66,10.76,10.30,10.41,0,0,0.00
2026-05-08T15:30:00.000,10.40,10.40,9.97,10.08,0,0,0.00
2026-05-09T09:30:00.000,0.0,0.0,0.0,0.0,0,0,0.00
2026-05-09T10:30:00.000,0.0,0.0,0.0,0.0,0,0,0.00
2026-05-09T11:30:00.000,0.0,0.0,0.0,0.0,0,0,0.00
2026-05-09T12:30:00.000,0.0,0.0,0.0,0.0,0,0,0.00
2026-05-09T13:30:00.000,0.0,0.0,0.0,0.0,0,0,0.00
2026-05-09T14:30:00.000,0.0,0.0,0.0,0.0,0,0,0.00
2026-05-09T15:30:00.000,0.0,0.0,0.0,0.0,0,0,0.00
2026-05-10T09:30:00.000,0.0,0.0,0.0,0.0,0,0,0.00
2026-05-10T10:30:00.000,0.0,0.0,0.0,0.0,0,0,0.00
2026-05-10T11:30:00.000,0.0,0.0,0.0,0.0,0,0,0.00
2026-05-10T12:30:00.000,0.0,0.0,0.0,0.0,0,0,0.00
2026-05-10T13:30:00.000,0.0,0.0,0.0,0.0,0,0,0.00
2026-05-10T14:30:00.000,0.0,0.0,0.0,0.0,0,0,0.00
2026-05-10T15:30:00.000,0.0,0.0,0.0,0.0,0,0,0.00
2026-05-11T09:30:00.000,11.68,11.68,9.77,10.47,0,0,0.00
2026-05-11T10:30:00.000,10.43,10.63,9.63,9.70,0,0,0.00
2026-05-11T11:30:00.000,9.65,9.87,9.58,9.85,0,0,0.00
2026-05-11T12:30:00.000,9.87,10.19,9.79,9.97,0,0,0.00
2026-05-11T13:30:00.000,9.98,10.10,9.88,9.94,0,0,0.00
2026-05-11T14:30:00.000,9.91,10.58,9.91,10.58,0,0,0.00
2026-05-11T15:30:00.000,10.62,10.78,10.53,10.65,0,0,0.00
2026-05-12T09:30:00.000,11.41,11.48,10.68,11.45,0,0,0.00
2026-05-12T10:30:00.000,11.50,12.48,11.44,12.42,0,0,0.00
2026-05-12T11:30:00.000,12.41,12.46,11.57,11.76,0,0,0.00
2026-05-12T12:30:00.000,11.74,11.90,11.15,11.23,0,0,0.00
2026-05-12T13:30:00.000,11.20,11.32,10.69,10.73,0,0,0.00
2026-05-12T14:30:00.000,10.76,10.83,10.38,10.61,0,0,0.00
2026-05-12T15:30:00.000,10.60,10.77,10.41,10.55,0,0,0.00
2026-05-13T09:30:00.000,10.43,10.88,9.83,9.86,0,0,0.00
2026-05-13T10:30:00.000,9.87,10.05,9.48,9.64,0,0,0.00
2026-05-13T11:30:00.000,9.62,9.88,9.52,9.82,0,0,0.00
2026-05-13T12:30:00.000,9.80,9.88,9.62,9.80,0,0,0.00
2026-05-13T13:30:00.000,9.81,9.81,9.38,9.48,0,0,0.00
2026-05-13T14:30:00.000,9.46,9.66,9.41,9.57,0,0,0.00
2026-05-13T15:30:00.000,9.56,9.62,9.41,9.44,0,0,0.00
2026-05-14T09:30:00.000,9.27,9.30,8.83,9.30,0,0,0.00
2026-05-14T10:30:00.000,9.29,9.31,8.84,8.94,0,0,0.00
2026-05-14T11:30:00.000,8.92,9.03,8.72,8.80,0,0,0.00
2026-05-14T12:30:00.000,8.81,8.87,8.35,8.60,0,0,0.00
2026-05-14T13:30:00.000,8.59,8.79,8.35,8.77,0,0,0.00
2026-05-14T14:30:00.000,8.75,8.76,8.06,8.45,0,0,0.00
2026-05-14T15:30:00.000,8.39,8.69,8.31,8.56,0,0,0.00
2026-05-15T09:30:00.000,10.62,11.11,9.92,11.11,0,0,0.00
2026-05-15T10:30:00.000,11.13,11.13,9.80,10.11,0,0,0.00
2026-05-15T11:30:00.000,10.12,11.01,9.91,10.25,0,0,0.00
2026-05-15T12:30:00.000,10.26,10.52,9.71,9.72,0,0,0.00
2026-05-15T13:30:00.000,9.76,10.55,9.64,10.36,0,0,0.00
2026-05-15T14:30:00.000,10.39,10.69,9.93,10.25,0,0,0.00
2026-05-15T15:30:00.000,10.21,11.11,10.07,10.83,0,0,0.00
2026-05-16T09:30:00.000,0.0,0.0,0.0,0.0,0,0,0.00
2026-05-16T10:30:00.000,0.0,0.0,0.0,0.0,0,0,0.00
2026-05-16T11:30:00.000,0.0,0.0,0.0,0.0,0,0,0.00
2026-05-16T12:30:00.000,0.0,0.0,0.0,0.0,0,0,0.00
2026-05-16T13:30:00.000,0.0,0.0,0.0,0.0,0,0,0.00
2026-05-16T14:30:00.000,0.0,0.0,0.0,0.0,0,0,0.00
2026-05-16T15:30:00.000,0.0,0.0,0.0,0.0,0,0,0.00
2026-05-17T09:30:00.000,0.0,0.0,0.0,0.0,0,0,0.00
2026-05-17T10:30:00.000,0.0,0.0,0.0,0.0,0,0,0.00
2026-05-17T11:30:00.000,0.0,0.0,0.0,0.0,0,0,0.00
2026-05-17T12:30:00.000,0.0,0.0,0.0,0.0,0,0,0.00
2026-05-17T13:30:00.000,0.0,0.0,0.0,0.0,0,0,0.00
2026-05-17T14:30:00.000,0.0,0.0,0.0,0.0,0,0,0.00
2026-05-17T15:30:00.000,0.0,0.0,0.0,0.0,0,0,0.00
2026-05-18T09:30:00.000,11.16,11.18,10.07,10.58,0,0,0.00
2026-05-18T10:30:00.000,10.56,11.65,10.47,11.60,0,0,0.00
2026-05-18T11:30:00.000,11.68,11.81,10.90,11.73,0,0,0.00
2026-05-18T12:30:00.000,11.74,11.92,11.07,11.23,0,0,0.00
2026-05-18T13:30:00.000,11.20,12.44,11.14,12.18,0,0,0.00
2026-05-18T14:30:00.000,12.17,12.53,11.22,12.03,0,0,0.00
2026-05-18T15:30:00.000,12.02,12.03,10.78,10.97,0,0,0.00
2026-05-19T09:30:00.000,11.29,12.27,10.89,12.04,0,0,0.00
2026-05-19T10:30:00.000,12.08,12.90,11.71,12.55,0,0,0.00
2026-05-19T11:30:00.000,12.54,12.63,11.44,11.44,0,0,0.00
2026-05-19T12:30:00.000,11.48,11.50,11.00,11.38,0,0,0.00
2026-05-19T13:30:00.000,11.37,11.83,11.27,11.83,0,0,0.00
2026-05-19T14:30:00.000,11.85,12.36,11.57,12.18,0,0,0.00
2026-05-19T15:30:00.000,12.12,12.61,12.01,12.31,0,0,0.00
2026-05-20T09:30:00.000,12.16,12.31,11.27,11.44,0,0,0.00
2026-05-20T10:30:00.000,11.40,11.85,10.96,11.37,0,0,0.00
2026-05-20T11:30:00.000,11.31,11.82,11.19,11.76,0,0,0.00
2026-05-20T12:30:00.000,11.73,11.76,11.27,11.27,0,0,0.00
2026-05-20T13:30:00.000,11.28,11.54,10.94,11.23,0,0,0.00
2026-05-20T14:30:00.000,11.20,11.29,10.79,10.85,0,0,0.00
2026-05-20T15:30:00.000,10.86,10.89,10.52,10.79,0,0,0.00
2026-05-21T09:30:00.000,11.79,12.22,11.26,11.98,0,0,0.00
2026-05-21T10:30:00.000,11.97,12.14,11.51,11.68,0,0,0.00
2026-05-21T11:30:00.000,11.72,11.88,11.44,11.65,0,0,0.00
2026-05-21T12:30:00.000,11.67,11.78,10.80,11.06,0,0,0.00
2026-05-21T13:30:00.000,11.05,11.34,10.89,11.06,0,0,0.00
2026-05-21T14:30:00.000,11.09,11.84,10.61,10.61,0,0,0.00
2026-05-21T15:30:00.000,10.64,10.86,10.55,10.82,0,0,0.00
2026-05-22T09:30:00.000,10.54,11.40,10.36,11.08,0,0,0.00
2026-05-22T10:30:00.000,11.05,11.10,10.64,10.65,0,0,0.00
2026-05-22T11:30:00.000,10.66,10.93,10.66,10.88,0,0,0.00
2026-05-22T12:30:00.000,10.86,11.07,10.62,10.84,0,0,0.00
2026-05-22T13:30:00.000,10.81,10.96,10.72,10.81,0,0,0.00
2026-05-22T14:30:00.000,10.80,11.33,10.63,11.33,0,0,0.00
2026-05-22T15:30:00.000,11.31,11.59,10.92,10.92,0,0,0.00
2026-05-23T09:30:00.000,0.0,0.0,0.0,0.0,0,0,0.00
2026-05-23T10:30:00.000,0.0,0.0,0.0,0.0,0,0,0.00
2026-05-23T11:30:00.000,0.0,0.0,0.0,0.0,0,0,0.00
2026-05-23T12:30:00.000,0.0,0.0,0.0,0.0,0,0,0.00
2026-05-23T13:30:00.000,0.0,0.0,0.0,0.0,0,0,0.00
2026-05-23T14:30:00.000,0.0,0.0,0.0,0.0,0,0,0.00
2026-05-23T15:30:00.000,0.0,0.0,0.0,0.0,0,0,0.00
2026-05-24T09:30:00.000,0.0,0.0,0.0,0.0,0,0,0.00
2026-05-24T10:30:00.000,0.0,0.0,0.0,0.0,0,0,0.00
2026-05-24T11:30:00.000,0.0,0.0,0.0,0.0,0,0,0.00
2026-05-24T12:30:00.000,0.0,0.0,0.0,0.0,0,0,0.00
2026-05-24T13:30:00.000,0.0,0.0,0.0,0.0,0,0,0.00
2026-05-24T14:30:00.000,0.0,0.0,0.0,0.0,0,0,0.00
2026-05-24T15:30:00.000,0.0,0.0,0.0,0.0,0,0,0.00
2026-05-25T09:30:00.000,0.0,0.0,0.0,0.0,0,0,0.00
2026-05-25T10:30:00.000,0.0,0.0,0.0,0.0,0,0,0.00
2026-05-25T11:30:00.000,0.0,0.0,0.0,0.0,0,0,0.00
2026-05-25T12:30:00.000,0.0,0.0,0.0,0.0,0,0,0.00
2026-05-25T13:30:00.000,0.0,0.0,0.0,0.0,0,0,0.00
2026-05-25T14:30:00.000,0.0,0.0,0.0,0.0,0,0,0.00
2026-05-25T15:30:00.000,0.0,0.0,0.0,0.0,0,0,0.00
2026-05-26T09:30:00.000,10.28,10.56,10.12,10.36,0,0,0.00
2026-05-26T10:30:00.000,10.38,10.39,9.77,9.96,0,0,0.00
2026-05-26T11:30:00.000,9.97,10.63,9.82,10.04,0,0,0.00
2026-05-26T12:30:00.000,10.09,10.58,9.97,10.57,0,0,0.00
2026-05-26T13:30:00.000,10.49,10.55,9.93,10.04,0,0,0.00
2026-05-26T14:30:00.000,10.02,10.35,9.86,9.92,0,0,0.00
2026-05-26T15:30:00.000,9.86,10.19,9.83,10.16,0,0,0.00
2026-05-27T09:30:00.000,9.79,10.04,9.33,9.96,0,0,0.00
2026-05-27T10:30:00.000,9.93,10.08,9.62,9.88,0,0,0.00
2026-05-27T11:30:00.000,9.81,10.16,9.65,9.78,0,0,0.00
2026-05-27T12:30:00.000,9.74,10.10,9.37,9.70,0,0,0.00
2026-05-27T13:30:00.000,9.71,9.74,9.30,9.32,0,0,0.00
2026-05-27T14:30:00.000,9.29,9.42,9.15,9.35,0,0,0.00
2026-05-27T15:30:00.000,9.31,9.36,8.99,9.00,0,0,0.00
2026-05-28T09:30:00.000,8.85,9.18,7.56,8.36,0,0,0.00
2026-05-28T10:30:00.000,8.38,8.59,8.30,8.40,0,0,0.00
2026-05-28T11:30:00.000,8.43,8.46,8.29,8.32,0,0,0.00
2026-05-28T12:30:00.000,8.34,8.45,8.25,8.45,0,0,0.00
2026-05-28T13:30:00.000,8.43,8.47,7.98,8.04,0,0,0.00
2026-05-28T14:30:00.000,8.05,8.14,7.89,7.96,0,0,0.00
2026-05-28T15:30:00.000,7.95,8.16,7.91,8.14,0,0,0.00
2026-05-29T09:30:00.000,7.76,7.76,6.95,7.43,0,0,0.00
2026-05-29T10:30:00.000,7.40,7.73,6.95,6.95,0,0,0.00
2026-05-29T11:30:00.000,6.97,7.15,6.90,7.02,0,0,0.00
2026-05-29T12:30:00.000,7.01,7.17,6.75,7.03,0,0,0.00
2026-05-29T13:30:00.000,7.05,7.29,6.78,6.81,0,0,0.00
2026-05-29T14:30:00.000,6.79,7.05,6.58,6.63,0,0,0.00
2026-05-29T15:30:00.000,6.67,6.72,6.31,6.33,0,0,0.00
2026-05-30T09:30:00.000,0.0,0.0,0.0,0.0,0,0,0.00
2026-05-30T10:30:00.000,0.0,0.0,0.0,0.0,0,0,0.00
2026-05-30T11:30:00.000,0.0,0.0,0.0,0.0,0,0,0.00
2026-05-30T12:30:00.000,0.0,0.0,0.0,0.0,0,0,0.00
2026-05-30T13:30:00.000,0.0,0.0,0.0,0.0,0,0,0.00
2026-05-30T14:30:00.000,0.0,0.0,0.0,0.0,0,0,0.00
2026-05-30T15:30:00.000,0.0,0.0,0.0,0.0,0,0,0.00
2026-05-31T09:30:00.000,0.0,0.0,0.0,0.0,0,0,0.00
2026-05-31T10:30:00.000,0.0,0.0,0.0,0.0,0,0,0.00
2026-05-31T11:30:00.000,0.0,0.0,0.0,0.0,0,0,0.00
2026-05-31T12:30:00.000,0.0,0.0,0.0,0.0,0,0,0.00
2026-05-31T13:30:00.000,0.0,0.0,0.0,0.0,0,0,0.00
2026-05-31T14:30:00.000,0.0,0.0,0.0,0.0,0,0,0.00
2026-05-31T15:30:00.000,0.0,0.0,0.0,0.0,0,0,0.00
2026-06-01T09:30:00.000,7.15,7.17,6.26,6.40,0,0,0.00
2026-06-01T10:30:00.000,6.48,6.50,6.07,6.13,0,0,0.00
2026-06-01T11:30:00.000,6.15,6.44,5.83,5.94,0,0,0.00
2026-06-01T12:30:00.000,5.93,6.09,5.83,6.04,0,0,0.00
2026-06-01T13:30:00.000,6.03,6.14,5.46,5.64,0,0,0.00
2026-06-01T14:30:00.000,5.61,5.85,5.61,5.85,0,0,0.00
2026-06-01T15:30:00.000,5.86,6.25,5.84,6.02,0,0,0.00
2026-06-02T09:30:00.000,6.23,6.27,5.66,6.22,0,0,0.00
2026-06-02T10:30:00.000,6.18,6.20,5.94,5.97,0,0,0.00
2026-06-02T11:30:00.000,5.99,6.13,5.85,6.06,0,0,0.00
2026-06-02T12:30:00.000,6.10,6.24,5.91,6.23,0,0,0.00
2026-06-02T13:30:00.000,6.24,6.28,6.07,6.12,0,0,0.00
2026-06-02T14:30:00.000,6.10,6.17,5.88,6.05,0,0,0.00
2026-06-02T15:30:00.000,6.03,6.13,5.79,5.86,0,0,0.00
2026-06-03T09:30:00.000,6.17,6.98,5.96,6.04,0,0,0.00
2026-06-03T10:30:00.000,6.02,6.36,5.97,6.20,0,0,0.00
2026-06-03T11:30:00.000,6.21,6.84,6.13,6.66,0,0,0.00
2026-06-03T12:30:00.000,6.65,6.87,6.42,6.48,0,0,0.00
2026-06-03T13:30:00.000,6.45,6.55,6.10,6.10,0,0,0.00
2026-06-03T14:30:00.000,6.08,6.40,6.08,6.37,0,0,0.00
2026-06-03T15:30:00.000,6.34,6.41,5.99,6.32,0,0,0.00
2026-06-04T09:30:00.000,7.47,7.47,6.75,6.96,0,0,0.00
2026-06-04T10:30:00.000,6.97,7.34,6.91,6.97,0,0,0.00
2026-06-04T11:30:00.000,6.94,7.06,6.59,6.86,0,0,0.00
2026-06-04T12:30:00.000,6.85,6.91,6.61,6.64,0,0,0.00
2026-06-04T13:30:00.000,6.65,6.67,6.46,6.55,0,0,0.00
2026-06-04T14:30:00.000,6.53,6.67,6.49,6.49,0,0,0.00
2026-06-04T15:30:00.000,6.47,6.91,6.42,6.91,0,0,0.00
2026-06-05T09:30:00.000,7.68,9.24,7.44,8.94,0,0,0.00
2026-06-05T10:30:00.000,8.86,9.11,8.29,8.97,0,0,0.00
2026-06-05T11:30:00.000,8.94,11.03,8.89,10.84,0,0,0.00
2026-06-05T12:30:00.000,10.85,12.22,10.57,10.69,0,0,0.00
2026-06-05T13:30:00.000,10.61,11.83,9.91,11.71,0,0,0.00
2026-06-05T14:30:00.000,11.68,14.26,11.62,12.90,0,0,0.00
2026-06-05T15:30:00.000,12.78,14.60,11.68,14.52,0,0,0.00
2026-06-06T09:30:00.000,0.0,0.0,0.0,0.0,0,0,0.00
2026-06-06T10:30:00.000,0.0,0.0,0.0,0.0,0,0,0.00
2026-06-06T11:30:00.000,0.0,0.0,0.0,0.0,0,0,0.00
2026-06-06T12:30:00.000,0.0,0.0,0.0,0.0,0,0,0.00
2026-06-06T13:30:00.000,0.0,0.0,0.0,0.0,0,0,0.00
2026-06-06T14:30:00.000,0.0,0.0,0.0,0.0,0,0,0.00
2026-06-06T15:30:00.000,0.0,0.0,0.0,0.0,0,0,0.00
2026-06-07T09:30:00.000,0.0,0.0,0.0,0.0,0,0,0.00
2026-06-07T10:30:00.000,0.0,0.0,0.0,0.0,0,0,0.00
2026-06-07T11:30:00.000,0.0,0.0,0.0,0.0,0,0,0.00
2026-06-07T12:30:00.000,0.0,0.0,0.0,0.0,0,0,0.00
2026-06-07T13:30:00.000,0.0,0.0,0.0,0.0,0,0,0.00
2026-06-07T14:30:00.000,0.0,0.0,0.0,0.0,0,0,0.00
2026-06-07T15:30:00.000,0.0,0.0,0.0,0.0,0,0,0.00
2026-06-08T09:30:00.000,10.57,11.76,10.29,10.84,0,0,0.00
2026-06-08T10:30:00.000,10.86,11.12,10.12,11.12,0,0,0.00
2026-06-08T11:30:00.000,11.19,11.53,10.37,11.13,0,0,0.00
2026-06-08T12:30:00.000,11.09,11.69,10.64,10.94,0,0,0.00
2026-06-08T13:30:00.000,10.90,11.36,10.62,10.86,0,0,0.00
2026-06-08T14:30:00.000,10.85,12.48,10.77,12.06,0,0,0.00
2026-06-08T15:30:00.000,12.12,12.12,11.50,11.97,0,0,0.00
2026-06-09T09:30:00.000,10.29,12.14,9.88,11.52,0,0,0.00
2026-06-09T10:30:00.000,11.50,15.34,11.33,15.31,0,0,0.00
2026-06-09T11:30:00.000,15.42,17.32,13.85,16.23,0,0,0.00
2026-06-09T12:30:00.000,16.28,19.65,15.33,15.44,0,0,0.00
2026-06-09T13:30:00.000,15.51,15.71,13.93,14.06,0,0,0.00
2026-06-09T14:30:00.000,14.07,15.06,13.16,14.31,0,0,0.00
2026-06-09T15:30:00.000,14.15,15.15,13.28,13.65,0,0,0.00
2026-06-10T09:30:00.000,14.99,15.96,13.78,14.42,0,0,0.00
2026-06-10T10:30:00.000,14.36,17.23,14.18,16.17,0,0,0.00
2026-06-10T11:30:00.000,16.23,18.08,15.86,16.87,0,0,0.00
2026-06-10T12:30:00.000,16.82,17.21,15.85,16.72,0,0,0.00
2026-06-10T13:30:00.000,16.62,17.35,15.48,16.14,0,0,0.00
2026-06-10T14:30:00.000,16.22,17.66,16.22,17.39,0,0,0.00
2026-06-10T15:30:00.000,17.35,18.22,16.61,17.80,0,0,0.00
2026-06-11T09:30:00.000,16.65,16.65,16.65,16.65,0,0,0.00
2026-06-12T09:30:00.000,12.77,12.77,12.77,12.77,0,0,0.00
2026-06-15T09:30:00.000,8.1,8.1,8.1,8.1,0,0,0.00
2026-06-16T09:30:00.000,7.88,7.88,7.88,7.88,0,0,0.00
2026-06-17T09:30:00.000,8.91,8.91,8.91,8.91,0,0,0.00
2026-06-18T09:30:00.000,8.6,8.6,8.6,8.6,0,0,0.00
2026-06-22T09:30:00.000,6.79,6.79,6.79,6.79,0,0,0.00
2026-06-23T09:30:00.000,12.22,12.22,12.22,12.22,0,0,0.00
2026-06-24T09:30:00.000,12.3,12.3,12.3,12.3,0,0,0.00
2026-06-25T09:30:00.000,9.15,9.15,9.15,9.15,0,0,0.00
2026-06-26T09:30:00.000,12.06,12.06,12.06,12.06,0,0,0.00
2026-06-29T09:30:00.000,9.01,9.01,9.01,9.01,0,0,0.00
2026-06-30T09:30:00.000,7.47,7.47,7.47,7.47,0,0,0.00
2026-07-01T09:30:00.000,6.4,6.4,6.4,6.4,0,0,0.00
2026-07-02T09:30:00.000,5.5,5.5,5.5,5.5,0,0,0.00
2026-07-06T09:30:00.000,4.5,4.5,4.5,4.5,0,0,0.00
2026-07-07T09:30:00.000,4.37,4.37,4.37,4.37,0,0,0.00
2026-07-08T09:30:00.000,5.95,5.95,5.95,5.95,0,0,0.00
2026-07-09T09:30:00.000,4.81,4.81,4.81,4.81,0,0,0.00
2026-07-10T09:30:00.000,3.64,3.64,3.64,3.64,0,0,0.00
2026-07-13T09:30:00.000,4.35,4.35,4.35,4.35,0,0,0.00
2026-07-14T09:30:00.000,5.12,5.12,5.12,5.12,0,0,0.00
2026-07-15T09:30:00.000,4.22,4.22,4.22,4.22,0,0,0.00
2026-07-16T09:30:00.000,4.01,4.01,4.01,4.01,0,0,0.00
2026-07-17T09:30:00.000,6.88,6.88,6.88,6.88,0,0,0.00
2026-07-20T09:30:00.000,5.16,5.16,5.16,5.16,0,0,0.00
2026-07-21T09:30:00.000,5.47,5.47,5.47,5.47,0,0,0.00
2026-07-22T09:30:00.000,5.27,5.27,5.27,5.27,0,0,0.00
2026-07-23T09:30:00.000,7.53,7.53,7.53,7.53,0,0,0.00
2026-07-24T09:30:00.000,7.56,7.56,7.56,7.56,0,0,0.00
2026-07-27T09:30:00.000,5.98,5.98,5.98,5.98,0,0,0.00
2026-07-28T09:30:00.000,8.05,8.05,8.05,8.05,0,0,0.00
2026-07-29T09:30:00.000,8.64,8.64,8.64,8.64,0,0,0.00
2026-07-30T09:30:00.000,9.71,9.71,9.71,9.71,0,0,0.00
2026-07-31T09:30:00.000,7.12,7.12,7.12,7.12,0,0,0.00
2026-08-03T09:30:00.000,6.17,6.17,6.17,6.17,0,0,0.00
2026-08-04T09:30:00.000,5.38,5.38,5.38,5.38,0,0,0.00
2026-08-05T09:30:00.000,8.06,8.06,8.06,8.06,0,0,0.00
2026-08-06T09:30:00.000,7.22,7.22,7.22,7.22,0,0,0.00
2026-08-07T09:30:00.000,6.51,6.51,6.51,6.51,0,0,0.00
2026-08-10T09:30:00.000,7.47,7.47,7.47,7.47,0,0,0.00
2026-08-11T09:30:00.000,8.15,8.15,8.15,8.15,0,0,0.00
2026-08-12T09:30:00.000,8.51,8.51,8.51,8.51,0,0,0.00
2026-08-13T09:30:00.000,7.29,7.29,7.29,7.29,0,0,0.00
2026-08-14T09:30:00.000,7.01,7.01,7.01,7.01,0,0,0.00
2026-08-17T09:30:00.000,8.41,8.41,8.41,8.41,0,0,0.00
2026-08-18T09:30:00.000,9.49,9.49,9.49,9.49,0,0,0.00
2026-08-19T11:30:00.000,8.45,8.68,8.45,8.55,0,0,0.00
2026-08-19T12:30:00.000,8.43,8.74,8.24,8.74,0,0,0.00
2026-08-19T13:30:00.000,8.71,8.81,8.56,8.66,0,0,0.00
2026-08-19T14:30:00.000,8.68,8.68,8.33,8.33,0,0,0.00
2026-08-19T15:30:00.000,8.22,8.3,8.05,8.21,0,0,0.00
2026-08-20T10:30:00.000,8.84,8.9,8.84,8.89,0,0,0.00
2026-08-20T11:30:00.000,8.82,9.38,8.72,9.25,0,0,0.00
2026-08-20T12:30:00.000,9.17,9.34,8.92,8.94,0,0,0.00
2026-08-20T13:30:00.000,8.81,9.32,8.81,9.13,0,0,0.00
2026-08-20T14:30:00.000,9.07,9.48,9.07,9.34,0,0,0.00
2026-08-20T15:30:00.000,9.56,9.56,9.3,9.34,0,0,0.00
2026-08-21T09:30:00.000,8.41,8.73,8.39,8.73,0,0,0.00
2026-08-21T10:30:00.000,8.6,8.6,8.21,8.32,0,0,0.00
2026-08-21T11:30:00.000,8.22,8.37,8.14,8.37,0,0,0.00
2026-08-21T12:30:00.000,8.33,8.57,8.33,8.57,0,0,0.00
2026-08-21T13:30:00.000,8.47,8.47,8.24,8.27,0,0,0.00
2026-08-21T14:30:00.000,8.24,8.52,8.24,8.41,0,0,0.00
2026-08-21T15:30:00.000,8.46,8.59,8.28,8.59,0,0,0.00
2026-08-24T11:30:00.000,9.22,9.46,9.19,9.26,0,0,0.00
2026-08-24T12:30:00.000,9.18,9.24,9.09,9.21,0,0,0.00
2026-08-24T13:30:00.000,9.19,9.43,9.14,9.38,0,0,0.00
2026-08-24T14:30:00.000,9.37,9.37,9.07,9.26,0,0,0.00
2026-08-24T15:30:00.000,9.27,9.34,9.23,9.29,0,0,0.00
2026-08-25T10:30:00.000,9.64,9.64,9.64,9.64,0,0,0.00
2026-08-25T11:30:00.000,9.63,9.71,9.47,9.53,0,0,0.00
2026-08-25T12:30:00.000,9.39,9.56,9.39,9.52,0,0,0.00
2026-08-25T13:30:00.000,9.49,9.77,9.49,9.71,0,0,0.00
2026-08-25T14:30:00.000,9.72,9.8,9.51,9.51,0,0,0.00
2026-08-25T15:30:00.000,9.48,9.7,9.38,9.44,0,0,0.00
